tf,n,k,adx_max,sl_atr,max_hold,dev_trades_per_year,dev_winrate,dev_pf,dev_avg_r,dev_cagr,dev_maxdd,dev_mar,dev_sharpe,hold_trades_per_year,hold_winrate,hold_pf,hold_avg_r,hold_cagr,hold_maxdd,hold_mar,hold_sharpe,r_12-15,r_16-19,r_20-23,r_24-26
H1,20,2.0,20,1.5,12,141.29718397193648,0.384297520661157,0.7329202773974234,-0.15943416470592947,,1.3889187642213474,,-0.12528418148468237,144.63598675027603,0.3712121212121212,0.7507667286383473,-0.14993303024312843,,-0.00032809813294205095,,1.3146462901817173,-0.1784701294896275,-0.18013945529521846,-0.11955212275596454,-0.14993303024312843
H1,20,2.0,20,1.5,48,141.21377359178774,0.3927938570584761,0.741167195925571,-0.16173628934539233,,1.400314834841654,,0.35310722583280346,143.90550196870896,0.37817258883248733,0.7341880993497466,-0.16726818043359745,,-0.0003405243239308,,1.4246813783783194,-0.18229549983612775,-0.1795192213339387,-0.12330403413788273,-0.16726818043359745
H1,20,2.0,20,3.0,12,116.77453220821195,0.4857142857142857,0.7224981346739089,-0.10513479558334193,-0.09904681544045268,0.7669547984228212,-0.12914296337168008,-1.049725816273667,117.24280744151163,0.48909657320872274,0.7717193584564808,-0.08229652660239135,-0.19595970787860484,0.5256489349601022,-0.37279578601919655,-1.1335352390394209,-0.11825685336064984,-0.1235905951698741,-0.07375201947346614,-0.08229652660239135
H1,20,2.0,20,3.0,48,115.18973498538622,0.5286024619840695,0.7135302281059249,-0.11559295767963033,-0.1167442069808341,0.831022762780572,-0.14048256222273892,-1.0029170756389105,116.51232265994457,0.542319749216301,0.7314555198272484,-0.10883042772335637,-0.39591358574945845,0.8362169984176627,-0.473457949908491,-1.0196649028652838,-0.12687467166855304,-0.12870747545501834,-0.09146306448707833,-0.10883042772335637
H1,20,2.0,25,1.5,12,240.30530520847046,0.3790350572717806,0.7309053367859457,-0.1607090730964581,,2.3457850147295876,,0.38267075572431863,235.94658444615735,0.38390092879256965,0.7808817251344814,-0.12736011944493947,,-0.00012670106043661552,,1.6079060525147182,-0.17711561415381435,-0.19168101717201683,-0.11490413543703837,-0.12736011944493947
H1,20,2.0,25,1.5,48,239.7214325474294,0.3907446068197634,0.737738486097981,-0.16472796459560815,,2.390369214827104,,-0.15498632195385473,235.94658444615735,0.39628482972136225,0.7806809002546242,-0.13384028391462338,,-8.222714687563028e-05,,1.6286749971298957,-0.17750931867841388,-0.19574950251746687,-0.12233770407392072,-0.13384028391462338
H1,20,2.0,25,3.0,12,187.92358647507254,0.486462494451842,0.7591400551806999,-0.08839867435047251,-0.24397227353367157,1.0247282505512774,-0.23808485166913354,-0.2553990365170617,184.8126497364638,0.5059288537549407,0.7959916567683443,-0.07063459577254161,,4.292869749846022,,0.3981446429346643,-0.1027961911569657,-0.11406159551515992,-0.04959394494155798,-0.07063459577254161
H1,20,2.0,25,3.0,48,184.50376088897488,0.5370705244122965,0.7507118584617648,-0.09799575047376513,,1.1106228126294169,,0.002018915099775165,181.8907106101956,0.5682730923694779,0.7908951411720676,-0.07856435756444771,,-0.0027106301045589465,,1.2347668953259825,-0.10916019793370899,-0.12001072579948521,-0.06561953181013372,-0.07856435756444771
H1,20,2.0,100,1.5,12,447.9971517787903,0.3902439024390244,0.7536057726756508,-0.1441747606999699,,3.608233560288222,,-0.24356498883540822,420.0287494010541,0.3973913043478261,0.833079883432013,-0.09478664875714671,,-8.75335718099592e-05,,1.5193885924846768,-0.13017396686853988,-0.20313123754712656,-0.10046576930767148,-0.09478664875714671
H1,20,2.0,100,1.5,48,443.74322239120545,0.4035714285714286,0.7625216490152447,-0.14678144178370553,,3.6625566289256097,,0.19519443776096604,417.1068102747859,0.4080560420315236,0.8422346224510134,-0.09427119813955648,,-5.644765062866157e-05,,1.4583445014011556,-0.13879318876587926,-0.19807768834007686,-0.10441696836925618,-0.09427119813955648
H1,20,2.0,100,3.0,12,334.97608667727087,0.4877988047808765,0.768481227899103,-0.08298707952621698,,1.5990275161393874,,0.0395806513065777,320.68281910793525,0.5159453302961275,0.851560594410026,-0.05028353217976556,,-0.00019670873621826753,,1.1482294753484223,-0.07849650731487176,-0.11659031076356376,-0.05489120477486845,-0.05028353217976556
H1,20,2.0,100,3.0,48,321.9640673740701,0.5468911917098446,0.7649714072731266,-0.09009884004051734,,1.6741390939362137,,-0.37819477227638365,306.43836586737774,0.5768772348033373,0.8539522179354208,-0.05336447752305064,,-0.00011077184399970861,,1.116643391049556,-0.0901043588033711,-0.1167122640489485,-0.0642431625170326,-0.05336447752305064
H1,20,2.5,20,1.5,12,77.40483277801478,0.3620689655172414,0.7350962672008587,-0.1617552907357525,-0.09980901383548124,0.782870123365701,-0.1274911519248993,-0.7518833560539074,74.8746901106227,0.35609756097560974,0.7703202967502899,-0.14426246325153824,-0.23459720430675868,0.6723654475485193,-0.3489132363391259,-1.0308001693344717,-0.19327106824617812,-0.1688823204616421,-0.12175732096991562,-0.14426246325153824
H1,20,2.5,20,1.5,48,77.40483277801478,0.3706896551724138,0.7371588984503805,-0.1703627610590242,-0.11067255078814442,0.8115713237779455,-0.1363682372030503,-0.7600548233261131,74.8746901106227,0.35121951219512193,0.7559710486601519,-0.16025813120914326,-0.3276931233716269,0.8026744675779739,-0.40825158468092665,-1.064695948454531,-0.19601205866303315,-0.1723206930643522,-0.1415424125419932,-0.16025813120914326
H1,20,2.5,20,3.0,12,66.06102107778848,0.46085858585858586,0.7122280998944381,-0.11408368652682346,-0.04701250476601193,0.4806604509234001,-0.0978081401864786,-0.8994699351448894,65.0131455594675,0.4438202247191011,0.7543007240774182,-0.09407821951113443,-0.055424268964110124,0.21607277390856106,-0.2565074162817241,-0.9121625909021466,-0.18305921529906352,-0.1229188254685756,-0.03390948152389451,-0.09407821951113443
H1,20,2.5,20,3.0,48,65.97761069763976,0.5031605562579013,0.7064127431148572,-0.12535960585211434,-0.053389994635727356,0.5345661085897111,-0.09987538262869021,-0.9434004404720355,65.0131455594675,0.5056179775280899,0.7323331373982436,-0.11431622063687737,-0.07414829442508786,0.27509960074715734,-0.26953254102770285,-1.0042171411551268,-0.18597044396675377,-0.12648012170399328,-0.06140531407957085,-0.11431622063687737
H1,20,2.5,25,1.5,12,132.87273557691546,0.3697426239799121,0.756940126473879,-0.1451527835164107,,1.1662728272829606,,-0.24797191289950593,123.08668569404803,0.36795252225519287,0.7632310425669723,-0.14398784575673756,,-0.00112534396125885,,1.1652525243353382,-0.17576932836217132,-0.14333349630630587,-0.11379765882397139,-0.14398784575673756
H1,20,2.5,25,1.5,48,132.78932519676673,0.38379396984924624,0.7652100309818075,-0.1490689190674782,,1.1888034500022804,,-0.10481118251990443,123.08668569404803,0.3649851632047478,0.7587430718736863,-0.15552281356253292,,-0.0008542213465397456,,1.2127351520371281,-0.17223550619160555,-0.14662447829656608,-0.12631429199107197,-0.15552281356253292
H1,20,2.5,25,3.0,12,110.51875369705775,0.4769811320754717,0.7811212221437203,-0.08095011043626839,-0.059436442107309584,0.5463056497552555,-0.10879704819808665,-0.8118361658961595,105.92029332722234,0.4793103448275862,0.7856677510180443,-0.07730575268539096,-0.0895433455772654,0.2769500275956215,-0.32331950408038546,-0.8704576524804782,-0.12698417676649043,-0.0874481571001263,-0.024850059389420705,-0.07730575268539096
H1,20,2.5,25,3.0,48,110.18511217646285,0.5306585919757759,0.7765424473932064,-0.08970418042594391,-0.06898763248266016,0.6059554538131642,-0.11384934659558538,-0.8467631454681631,105.55505093643882,0.5501730103806228,0.7798870644795616,-0.0877524981933503,-0.11734094237036541,0.37469099197426153,-0.3131672361592986,-0.8886028549675563,-0.13115624246985644,-0.09585539137838679,-0.038704515536966716,-0.0877524981933503
H1,20,2.5,100,1.5,12,242.39056471218854,0.3764624913971094,0.7370538945646292,-0.15535518385249517,,2.169539580437206,,-0.32511100239878143,205.63146601112476,0.3978685612788632,0.8688975700697781,-0.07479638207342534,,-0.00023147160706371865,,0.8399286815960495,-0.1473836833684238,-0.20759415040804885,-0.11579463319271607,-0.07479638207342534
H1,20,2.5,100,1.5,48,241.47305053055257,0.3892918825561313,0.7503277424175174,-0.1575215481715913,,2.191235255661102,,-0.4149794420185324,205.63146601112476,0.3996447602131439,0.883432214970586,-0.07053529552530413,,-0.00013157697107929112,,0.7598133227620618,-0.15151532249739783,-0.20064016230296564,-0.12420416392064515,-0.07053529552530413
H1,20,2.5,100,3.0,12,198.016242473068,0.47893850042123,0.7617151228914243,-0.08601209774975557,-0.3342970709149734,0.9964599001446457,-0.33548472032486903,-0.2987095197763041,172.39440844982394,0.4978813559322034,0.8398545250943797,-0.05480491671429401,,5.436905226046162,,-0.392176797444558,-0.10273657357421095,-0.1060996236638549,-0.04939127462284594,-0.05480491671429401
H1,20,2.5,100,3.0,48,194.67982726711907,0.5407026563838904,0.7735981023194154,-0.08814301357927598,,1.0079947753431278,,-0.333393023400504,171.29868127747338,0.5607675906183369,0.870493073829967,-0.04802577192338738,,5.9215742902818445,,-0.5169585015392033,-0.11010244805738989,-0.09942161209801771,-0.05425813421410776,-0.04802577192338738
H1,20,3.0,20,1.5,12,34.615307761719976,0.3542168674698795,0.6699538518623301,-0.2023523390271392,-0.042136189048815886,0.4248943883104686,-0.09916861744482995,-0.8270870128475841,26.66269452719735,0.3561643835616438,0.8684298791793109,-0.0836905841061309,-0.017874644427354536,0.1692421635122627,-0.1056157877942715,-0.27783582957425623,-0.24806870721184282,-0.21031393217349795,-0.135876403258551,-0.0836905841061309
H1,20,3.0,20,1.5,48,34.615307761719976,0.3566265060240964,0.6809166414045941,-0.21092559940199324,-0.04444841379389197,0.4312133919350332,-0.10307753568235327,-0.8374627688156301,26.66269452719735,0.3561643835616438,0.8571971761329177,-0.09505864939647937,-0.021166650739240178,0.17210163606167347,-0.12298924765395608,-0.3115148628175693,-0.2439871439127034,-0.20115796623333776,-0.17725843594444643,-0.09505864939647937
H1,20,3.0,20,3.0,12,31.27889255577106,0.44266666666666665,0.6392861125325882,-0.14902817902689697,-0.026119127091566496,0.27947403658175124,-0.09345815236016093,-0.8669249701486217,24.10599779171267,0.4090909090909091,0.7335615846541355,-0.11367407657662998,-0.017922325593096144,0.09378815091963914,-0.19109370871862694,-0.5963070490091958,-0.22329104999408478,-0.14767541569683654,-0.053036168540279746,-0.11367407657662998
H1,20,3.0,20,3.0,48,31.27889255577106,0.488,0.6476357885382594,-0.1583138965186705,-0.02806750246900247,0.29922558742081257,-0.09380047579129672,-0.8792793152517906,24.10599779171267,0.4696969696969697,0.6765736267842276,-0.15558301208231282,-0.0258563552602481,0.11520511952235311,-0.2244375542289266,-0.7621014531197571,-0.22836718706751047,-0.1311393631321349,-0.09077417384030333,-0.15558301208231282
H1,20,3.0,25,1.5,12,59.388190665890654,0.36797752808988765,0.7474165618173143,-0.1505611444311077,-0.0584781032904782,0.6110262479405676,-0.09570473197767793,-0.6578958103304152,43.829086894023035,0.36666666666666664,0.842545513315911,-0.0972258424577295,-0.04312498304166423,0.24681084549357013,-0.17472888176945092,-0.41850663820783407,-0.2268089005944889,-0.21283272596651326,-0.009441358780453083,-0.0972258424577295
H1,20,3.0,25,1.5,48,59.388190665890654,0.37219101123595505,0.7516227534962961,-0.16097297134159202,-0.06443006345562285,0.622815520944498,-0.10344967536761904,-0.6924641343932206,43.829086894023035,0.375,0.8594290087562925,-0.09122164869739985,-0.043803860832268615,0.2571235549030509,-0.17036113571463718,-0.3801429899797097,-0.22797839029252953,-0.21449371139593765,-0.038078324954153794,-0.09122164869739985
H1,20,3.0,25,3.0,12,53.049001774587715,0.4606918238993711,0.7602809826892839,-0.08931934148240032,-0.02658919448864483,0.31743464027109947,-0.08376273763297161,-0.6592364035460943,40.54190537697131,0.43243243243243246,0.791746798171137,-0.08116047025590066,-0.021790542226463594,0.10248983259289782,-0.21261174572328848,-0.5420610689545182,-0.15841098272827142,-0.11604766344434264,0.016209118679635603,-0.08116047025590066
H1,20,3.0,25,3.0,48,53.049001774587715,0.5235849056603774,0.764577579655665,-0.0966639731877395,-0.029200797920322152,0.32770195033147365,-0.08910779411225739,-0.6741149356225263,40.54190537697131,0.5135135135135135,0.7587757243265035,-0.10583146155380993,-0.029980017755887323,0.12593953473362285,-0.23805088544513556,-0.6636191733854271,-0.16260593638885318,-0.11969427318036031,0.001896862201678559,-0.10583146155380993
H1,20,3.0,100,1.5,12,105.51413088813437,0.3652173913043478,0.710084951206826,-0.17410754890874547,,1.0675296930203575,,-0.2378090305291386,75.60517489218974,0.36231884057971014,0.7862748150164423,-0.12972136300968015,,-0.0,,0.8203067577930039,-0.16073387869275815,-0.28841434400301347,-0.0887922310187705,-0.12972136300968015
H1,20,3.0,100,1.5,48,105.43072050798565,0.3647151898734177,0.7113946533557682,-0.1893682380699662,,1.152449997785961,,0.01691736639740818,75.60517489218974,0.3526570048309179,0.7813054284622176,-0.14337026090747992,,-0.0,,0.8142748619623297,-0.17927204270301308,-0.3057036861251788,-0.09803375317670815,-0.14337026090747992
H1,20,3.0,100,3.0,12,92.75234272537978,0.454136690647482,0.7268947465781629,-0.1015704635504685,-0.06444479573916906,0.5558814275177847,-0.11593262978210804,-0.9403744002991192,66.10887273181808,0.43646408839779005,0.6899545476525193,-0.12394982204663857,-0.09489444441272865,0.2702134720946286,-0.3511832466276762,-1.1169368090371337,-0.13703386825419922,-0.14815365461206556,-0.016471337566239516,-0.12394982204663857
H1,20,3.0,100,3.0,48,92.08505968419,0.5126811594202898,0.7181386201340816,-0.11696118688045927,-0.07933926722543327,0.634951542200131,-0.12495326328450157,-0.9827446315468625,65.37838795025102,0.4860335195530726,0.694523680672285,-0.13890143437677913,-0.13212170897776399,0.36314634276504093,-0.3638249747244404,-1.0434817504335854,-0.14620137967202834,-0.16376406504528235,-0.0402021378375605,-0.13890143437677913
H1,50,2.0,20,1.5,12,68.14628058150655,0.3537331701346389,0.6946932561213884,-0.18746765200346827,-0.10406266935778519,0.7938027911712643,-0.13109385670493756,-0.6915564315472147,78.52711401845794,0.386046511627907,0.9485564313017314,-0.02982476971667899,-0.05096259393814295,0.4213284137259053,-0.1209569359148339,-0.15527801248641523,-0.27532791988606453,-0.20278124822399368,-0.0868238765416512,-0.02982476971667899
H1,50,2.0,20,1.5,48,67.14535601972187,0.306832298136646,0.7627885462557443,-0.1727917869290241,-0.08709173815306004,0.7260284893387112,-0.11995636456688612,-0.6334263232600086,77.06614445532384,0.33175355450236965,0.9294163104837446,-0.04756718527670079,-0.06156155032527699,0.3517088569147313,-0.17503554179814712,-0.20614169120302941,-0.25856653613743197,-0.14475875300864105,-0.11200135677753145,-0.04756718527670079
H1,50,2.0,20,3.0,12,56.55223774083407,0.43805309734513276,0.6921924981522551,-0.12046761498001954,-0.04120207687153388,0.4256954724103363,-0.09678767931977998,-0.8761407276799522,67.9350846857357,0.46236559139784944,0.9071443261231106,-0.03538117361570397,-0.01924915270324945,0.14387005946364614,-0.1337954038179391,-0.3099113874804874,-0.20225331960354723,-0.1385510385217995,-0.02556216636768011,-0.03538117361570397
H1,50,2.0,20,3.0,48,53.799695195926226,0.5007751937984496,0.8102694768317172,-0.09401367784068998,-0.02856423314406087,0.3152210455246124,-0.09061651672565936,-0.5817387691928545,64.64790316868398,0.5141242937853108,0.8940405846286622,-0.050461019268126316,-0.023717366582742372,0.1518862757491105,-0.15615213728671115,-0.36393752305343874,-0.1457242466461259,-0.07237812778111881,-0.06383590205072005,-0.050461019268126316
H1,50,2.0,25,1.5,12,126.86718820620742,0.3537146614069691,0.6937254282946959,-0.18668775561675552,,1.4497175110563474,,-0.09383180721382976,132.58298785441968,0.3774104683195592,0.8529791674338955,-0.08593551082911755,,-5.9656435193127804e-05,,0.632520103922613,-0.21155684921694648,-0.2482165820926925,-0.10366083694414165,-0.08593551082911755
H1,50,2.0,25,1.5,48,124.53169756204318,0.30274614869390487,0.7617887371411196,-0.17436533977475707,,1.346644343203425,,0.13420360614300214,128.93056394658444,0.3286118980169972,0.8837946003300752,-0.07939841962123559,,-0.0,,0.5332966309881676,-0.17848482955005376,-0.21522547736860523,-0.128878887688019,-0.07939841962123559
H1,50,2.0,25,3.0,12,99.7588146578725,0.4489966555183946,0.7267163279092873,-0.10282570397369858,-0.07289024618529949,0.6621667691001945,-0.11007838143908766,-0.858098847050812,106.28553571800586,0.46735395189003437,0.8619447046237287,-0.051135869419305084,-0.06839372328184157,0.31739187282615305,-0.2154866873963823,-0.5490705224192236,-0.14583359756333292,-0.14395236059902272,-0.023211922365916245,-0.051135869419305084
H1,50,2.0,25,3.0,48,93.83667766731318,0.496,0.8123425306531649,-0.09370308531929811,-0.057924001031685934,0.540261938377135,-0.1072146618465866,-0.7147707891075245,97.88496072998478,0.5223880597014925,0.9181814523066515,-0.039730575993717765,-0.039852046917997264,0.27908328357903106,-0.14279625209695487,-0.3119966144585534,-0.09998430073712439,-0.12014114478217217,-0.062219472774755986,-0.039730575993717765
H1,50,2.0,100,1.5,12,277.17269323420595,0.3698465242250978,0.7401412759997865,-0.1536525215050603,,2.3429812683202424,,0.3877132732766986,289.27197350055206,0.38636363636363635,0.8549517040734717,-0.08341637711385035,,-0.0,,0.9534339159951357,-0.14258464161966158,-0.21149329080968315,-0.10431024059209915,-0.08341637711385035
H1,50,2.0,100,1.5,48,270.6666835826056,0.3020030816640986,0.7890116315614374,-0.1556757031230937,,2.281377200373529,,0.1785035327861127,282.33236807566504,0.3221216041397154,0.8917745404717183,-0.07443366317307257,,-0.0,,0.7531034975375582,-0.14146857808002267,-0.1902305110173261,-0.132193973415196,-0.07443366317307257
H1,50,2.0,100,3.0,12,197.43236981202693,0.452049007182087,0.7572489504582937,-0.08897070599284616,,1.0408649326736383,,-0.37240917647303184,208.91864752817648,0.46853146853146854,0.8258506446604901,-0.06232522055176348,,16.80407389597393,,0.4289533082165048,-0.0977767219344357,-0.12983830269442503,-0.038775208799595486,-0.06232522055176348
H1,50,2.0,100,3.0,48,179.66595884034896,0.48653667595171773,0.8072317368114089,-0.09725609221180925,,1.078071571018465,,-0.06080099451973527,187.734588862732,0.4980544747081712,0.8551771253578804,-0.07261098842613467,,8.232784434692888,,0.03646221753215748,-0.11374836054429972,-0.11591644511954655,-0.061503234881393844,-0.07261098842613467
H1,50,2.5,20,1.5,12,36.783977645586766,0.35827664399092973,0.7241670382875346,-0.16491769414199953,-0.03527779136288012,0.40817408799145066,-0.08642829714271089,-0.6120542963399955,40.907147767754836,0.38392857142857145,0.8933988048689077,-0.06282170027024107,-0.0193382389766924,0.14274037158356703,-0.1354784127444342,-0.2753668798672783,-0.2289170610561583,-0.18898245154101917,-0.08363388989004311,-0.06282170027024107
H1,50,2.5,20,1.5,48,36.783977645586766,0.2811791383219955,0.7432009273604587,-0.19354077493463906,-0.043253876904812194,0.4439967580892001,-0.09741935299474051,-0.6396550692412354,40.54190537697131,0.32432432432432434,0.9230620023385824,-0.050758841907889776,-0.017799448955304165,0.13488882440694852,-0.13195643919028227,-0.1750998227485482,-0.20604560106174974,-0.2085645301940266,-0.16252642289331506,-0.050758841907889776
H1,50,2.5,20,3.0,12,31.946175596960842,0.4412532637075718,0.6889542858692557,-0.12229975553222164,-0.021285029044237458,0.2775791857568611,-0.07668092615157959,-0.6964714990125628,36.88948146913606,0.45544554455445546,0.8526728646980576,-0.05359794071487675,-0.011882735106979458,0.079017880320161,-0.15038033238595547,-0.36341831492907467,-0.18002236355070686,-0.16414587723195667,-0.03160408060303565,-0.05359794071487675
H1,50,2.5,20,3.0,48,31.445713316068506,0.48010610079575594,0.7973519492012942,-0.10538116772917176,-0.017702270627032335,0.22126406844792873,-0.08000517549553378,-0.5043888352398919,36.15899668756901,0.5050505050505051,0.9131783072683738,-0.04054627660906921,-0.008888793414866258,0.07734614139307455,-0.1149222605649226,-0.2175760253749802,-0.11283501118365195,-0.12308957822689774,-0.08283971650461212,-0.04054627660906921
H1,50,2.5,25,1.5,12,73.40113453087609,0.3443181818181818,0.6648879241926889,-0.20452417013028573,-0.15390046157544301,0.9471835239941159,-0.16248219872582906,-0.3744027701672716,75.23993250140622,0.35436893203883496,0.7596891147125405,-0.14660405661369771,,1.2313567993528525,,-0.4932226494395165,-0.21310233638310722,-0.264739391300364,-0.14120537245837686,-0.14660405661369771
H1,50,2.5,25,1.5,48,73.40113453087609,0.2727272727272727,0.7003112271479358,-0.2287136209926195,-0.2506341213515424,0.9858532698856074,-0.25423065379762294,-0.13947566717023885,74.14420532905564,0.30049261083743845,0.8116736269235736,-0.13352667888139316,,2.283460271321619,,0.8112247798127203,-0.18834507729877964,-0.278258615263218,-0.21969477541074972,-0.13352667888139316
H1,50,2.5,25,3.0,12,60.22229446737788,0.4376731301939058,0.7095859553338804,-0.11055820903068453,-0.0399744534244475,0.4710027974635597,-0.08487094692370743,-0.8240447410555286,62.82169121476635,0.4418604651162791,0.7722111326039128,-0.08476556944525566,-0.042944274745527644,0.1605535313300118,-0.2674763637385047,-0.7315275241212852,-0.1474336410618652,-0.17013730900987406,-0.019374309829788473,-0.08476556944525566
H1,50,2.5,25,3.0,48,59.30478028574193,0.4711673699015471,0.7788745871448507,-0.11600787028345526,-0.04171772291189624,0.45782430032412985,-0.09112168769189617,-0.7474612128760165,60.995479260848725,0.47305389221556887,0.788446342447658,-0.1070550456882599,-0.055024200772769705,0.22467227019932443,-0.2449087318339438,-0.7144563209633179,-0.10484659396849685,-0.15520428528023392,-0.09010788966336422,-0.1070550456882599
H1,50,2.5,100,1.5,12,161.39908558777867,0.3545219638242894,0.6551827144046232,-0.2056106308596515,,1.9067247132407663,,-0.38466067437864876,154.13228891064767,0.3696682464454976,0.7936206209323148,-0.12064839558742539,,-0.0,,1.0527414396455868,-0.2168277809839151,-0.2811939371476712,-0.11647202504629908,-0.12064839558742539
H1,50,2.5,100,1.5,48,160.73180254658888,0.27867151011935654,0.7094979152910129,-0.22209285809767434,,1.9752935596515184,,0.05274605142695095,152.6713193475136,0.2966507177033493,0.7854210722135865,-0.15295772676625685,,-0.0,,1.1520849464586476,-0.21512151818787695,-0.28280442924935356,-0.16558799841772048,-0.15295772676625685
H1,50,2.5,100,3.0,12,119.94412665386342,0.43602225312934634,0.6723242759112286,-0.12063217863764635,-0.14244034374156544,0.8859232629215154,-0.16078180775142864,-0.8021404748195388,116.51232265994457,0.4670846394984326,0.8360614565765089,-0.05542134239434781,-0.24460939503963286,0.7571606809160623,-0.3230614071820112,-0.31957639760662093,-0.14773216407410317,-0.1608101975683743,-0.05075394418303493,-0.05542134239434781
H1,50,2.5,100,3.0,48,116.52430106776579,0.4645669291338583,0.7507281174630343,-0.1311698951582729,-0.16807622667585964,0.9206952203136458,-0.1825535996793841,-0.5915706924069702,113.59038353367637,0.48231511254019294,0.8219333066772876,-0.08760939643417619,,1.418585539237303,,0.5556771390290304,-0.1520174572845517,-0.1558117488780695,-0.08373067823181682,-0.08760939643417619
H1,50,3.0,20,1.5,12,19.601439334949863,0.3404255319148936,0.6748518774895577,-0.19643178595719732,-0.020744847318327486,0.269161990958936,-0.07707197901316003,-0.5717087354265343,20.453573883877418,0.3392857142857143,0.7419374863298477,-0.16749618821542217,-0.021991196454885564,0.10534223347210049,-0.2087595423986321,-0.5488071308489325,-0.29583077845535716,-0.2003300820322723,-0.08443246231191398,-0.16749618821542217
H1,50,3.0,20,1.5,48,19.601439334949863,0.2553191489361702,0.6910390345406653,-0.2425989189751663,-0.02640634005251319,0.34531594197358345,-0.07647008678948644,-0.5766736348518089,20.453573883877418,0.23214285714285715,0.6585386303582992,-0.26170347637223473,-0.037186107828446446,0.14309136424323696,-0.25987667407541687,-0.7230365182251195,-0.32362359722728185,-0.31442663016097955,-0.07081050499343614,-0.26170347637223473
H1,50,3.0,20,3.0,12,17.182538310636904,0.4029126213592233,0.595565387571318,-0.1713924104958704,-0.015580305219831558,0.19642805914328876,-0.07931812434427285,-0.7284264656472729,18.262119539176265,0.4,0.6177890080960695,-0.16022042154935054,-0.01713597195615668,0.07359136173897651,-0.23285303534587107,-0.751056000018112,-0.22666075701812083,-0.21795918189757937,-0.062013574416546646,-0.16022042154935054
H1,50,3.0,20,3.0,48,17.09912793048818,0.424390243902439,0.7096729558288648,-0.1669192971727613,-0.01507196387159282,0.19406212062673026,-0.07766566614297214,-0.5780882157567859,18.262119539176265,0.44,0.6133227638587109,-0.2205005005457822,-0.024070112553729595,0.08956142713170727,-0.2687553484194994,-0.8469039544810466,-0.1997489231863466,-0.17651244436231966,-0.11873084369601913,-0.2205005005457822
H1,50,3.0,25,1.5,12,40.53744475227929,0.3292181069958848,0.5920096191563106,-0.25174427052473447,-0.07154362924188018,0.6277671552807408,-0.1139652315991038,-0.9489572273562729,35.06326951521843,0.3541666666666667,0.7788117292824772,-0.13398268266166088,-0.05884341655720837,0.22384791878442076,-0.2628722968556084,-0.5590236258323663,-0.2841843523668725,-0.2834790233781035,-0.18395570776223516,-0.13398268266166088
H1,50,3.0,25,1.5,48,40.53744475227929,0.2551440329218107,0.6470216506778919,-0.2755585576072945,-0.08267354765042423,0.6803641245725871,-0.12151367872660944,-0.8581801788411602,35.06326951521843,0.2604166666666667,0.7577610269725982,-0.18048598053365683,-0.0943474771376791,0.32791426190152034,-0.2877199564013281,-0.654232885562678,-0.2860227538315628,-0.35213846565316015,-0.17958167938948622,-0.18048598053365683
H1,50,3.0,25,3.0,12,34.11484548082763,0.4156479217603912,0.6302284068948892,-0.14524825069106437,-0.027985676834376916,0.3119060784531941,-0.08972469203923052,-0.8702149028083209,29.584633653465552,0.3950617283950617,0.5537648665830639,-0.19407573042482373,-0.0397664898697071,0.11977232658496974,-0.3320173449373188,-1.1181995056105343,-0.192194491404974,-0.17888600267623012,-0.05945955015829253,-0.19407573042482373
H1,50,3.0,25,3.0,48,34.03143510067891,0.44362745098039214,0.728747212893999,-0.14793603543405076,-0.028545134504590175,0.3127030988057751,-0.09128510274955738,-0.715491498861066,29.584633653465552,0.43209876543209874,0.617109308501629,-0.22308733622181695,-0.04667189792403614,0.147622212447806,-0.3161576916518419,-1.0640279667153063,-0.19430900958185918,-0.16245025016959883,-0.08125257074121608,-0.22308733622181695
H1,50,3.0,100,1.5,12,86.57997459437429,0.35934489402697495,0.6296122997372329,-0.21590269314192834,,1.105825584816136,,0.26256659871998717,66.83935751338514,0.366120218579235,0.7356343247354304,-0.15374598969977255,,-0.0,,0.9492777809683043,-0.23299452132925771,-0.26071989119487643,-0.14596054833149813,-0.15374598969977255
H1,50,3.0,100,1.5,48,86.57997459437429,0.2581888246628131,0.6453867376006557,-0.2798409949825828,,1.4356681652988186,,0.03151776457233984,66.83935751338514,0.26229508196721313,0.6737768953654035,-0.24206111998487348,,-0.0,,1.1128648258460672,-0.287971069352536,-0.33676278091264156,-0.20403719297611211,-0.24206111998487348
H1,50,3.0,100,3.0,12,67.72922868076293,0.43472906403940886,0.6404508307301232,-0.12963358753498785,-0.058137178866950245,0.5440111833960656,-0.10686761713981836,-1.057362061991652,52.59490427282765,0.4236111111111111,0.6404572469063413,-0.13181376894572386,-0.07357979651338131,0.2274962599389089,-0.3234329941650038,-1.0636622359368022,-0.16339992777561668,-0.15614847941921292,-0.05978314165836768,-0.13181376894572386
H1,50,3.0,100,3.0,48,67.39558716016805,0.4430693069306931,0.6983986108937222,-0.16478825927907817,-0.08368321890863317,0.6767664170856167,-0.12365155361727492,-0.9059019561404794,52.59490427282765,0.4513888888888889,0.6190994799657357,-0.2057031807375801,-0.17576074417398901,0.45813936657448234,-0.3836403439594283,-1.2978734555615934,-0.2153199875583313,-0.1695090487740022,-0.09571546441874358,-0.2057031807375801
H4,20,2.0,20,1.5,12,31.445713316068506,0.4562334217506631,0.9849366631475931,-0.009175666970499517,-0.0012602393210948692,0.17853300739605185,-0.007058858972219043,-0.02009107713499703,32.50657277973375,0.4044943820224719,0.7841546559822395,-0.1245440528533191,-0.019944386249154844,0.0859587199359005,-0.2320228391491566,-0.5460809454327099,0.006817556377968616,-0.18462719791222737,0.15449056110388482,-0.1245440528533191
H4,20,2.0,20,1.5,48,31.445713316068506,0.4562334217506631,0.9911548304685991,-0.0060156196970696605,-0.0007650997608267263,0.17500694748418508,-0.004371825072235297,-0.005802333782437928,32.50657277973375,0.42696629213483145,0.8366378196009835,-0.09442905008614405,-0.015123864853522795,0.07377935760025423,-0.20498775464359265,-0.40741376620084413,0.012866281597133156,-0.1800119130546142,0.15355284525189622,-0.09442905008614405
H4,20,2.0,20,3.0,12,27.108373548334917,0.56,0.904978126385873,-0.03141202667542974,-0.004268782110936176,0.10749732522376028,-0.039710589096524244,-0.2000844060552392,28.12366409033145,0.5584415584415584,0.7869794668272692,-0.0725365326910124,-0.010574074486680796,0.0525118592552618,-0.20136545604450773,-0.5047900690747034,0.0077462227089217725,-0.10967835155494167,0.010376108977080729,-0.0725365326910124
H4,20,2.0,20,3.0,48,26.85814240788875,0.5993788819875776,0.9432811452270735,-0.01972100724320912,-0.0026352298929828155,0.09078650715987295,-0.029026668999857393,-0.11384755653526654,27.758421699547924,0.5657894736842105,0.7599728686596469,-0.0888879316403951,-0.012642866343942405,0.05481915353074348,-0.23062863122926694,-0.59512638971132,0.0211004471354279,-0.08153684541772477,0.004975176447825034,-0.0888879316403951
H4,20,2.0,25,1.5,12,54.38356785696728,0.4171779141104294,0.8750478850406436,-0.0721317228560925,-0.021278181753352943,0.3356003861813613,-0.06340332916617693,-0.356041360904735,54.42111622674527,0.3825503355704698,0.7374716618657947,-0.15750827617624466,-0.05481304371477547,0.20649594365838472,-0.2654436825425253,-0.9081684252310327,-0.08001584108195889,-0.19081687035452613,0.04204694835422676,-0.15750827617624466
H4,20,2.0,25,1.5,48,54.30015747681856,0.423963133640553,0.8827489404214436,-0.07021593435302206,-0.020555510198214333,0.3288181678011706,-0.06251330434589555,-0.3378698661732186,54.42111622674527,0.3959731543624161,0.7726185598817653,-0.13965715352632993,-0.04794248165047388,0.19401893663982073,-0.24710207405927043,-0.7837905921799645,-0.07421502366194237,-0.18304870578277055,0.035948783210223566,-0.13965715352632993
H4,20,2.0,25,3.0,12,43.87385995822821,0.5152091254752852,0.811917622946614,-0.06474818158350638,-0.014902411966239648,0.20033264701482276,-0.07438833454407962,-0.5209152015993,44.559571675590085,0.5245901639344263,0.7470298119377555,-0.09328991302684779,-0.023328871927897343,0.09467761908045323,-0.24640323821486687,-0.7843771549121407,-0.051521703295998575,-0.13424699213204827,-0.016752167483804075,-0.09328991302684779
H4,20,2.0,25,3.0,48,43.03975615674098,0.5717054263565892,0.8187992288007233,-0.06745410985165326,-0.015259569211739543,0.22178635906492739,-0.06880301059125256,-0.4955244291546233,43.098602112455985,0.5508474576271186,0.7222580657223608,-0.1113367132520764,-0.02734040514042535,0.09986746258619995,-0.27376689496668305,-0.8791871242503512,-0.053432038485165846,-0.12926566973221812,-0.025448391097793517,-0.1113367132520764
H4,20,2.0,100,1.5,12,102.01089492188801,0.4080130825838103,0.8211369726480937,-0.10298882822766263,-0.07585670941875211,0.7620213580134397,-0.0995466972428537,-0.4776019140005814,106.28553571800586,0.38831615120274915,0.8412387467416891,-0.09565100532440006,-0.13425901039298538,0.40009187262480717,-0.3355704516369644,-0.6582988155064722,-0.14004568854177296,-0.18648272201768842,0.01485174798456202,-0.09565100532440006
H4,20,2.0,100,1.5,48,101.1767911204008,0.40643033800494643,0.8078307077052087,-0.1180242987879247,-0.09432728622818165,0.807783357281709,-0.1167730003074149,-0.46779353490463593,106.28553571800586,0.40893470790378006,0.8670471658144017,-0.08199672544681884,-0.14968757358551876,0.45583103441495376,-0.3283839016745284,-0.5108004169830949,-0.16735437832412,-0.18572540671091758,-0.003396963960955221,-0.08199672544681884
H4,20,2.0,100,3.0,12,76.48731859637883,0.5070883315158125,0.7872018138698802,-0.07355047545365301,-0.03252602774429458,0.3924996602078868,-0.08286893223567945,-0.7086413038013138,79.62284119080851,0.5045871559633027,0.7934671623575182,-0.07462426790806163,-0.04177574034189124,0.14469724332860565,-0.2887113768091563,-0.7924814419678284,-0.09912251122184569,-0.11829764923195316,-0.008329449575631954,-0.07462426790806163
H4,20,2.0,100,3.0,48,73.73477605147097,0.5599547511312217,0.7948014983782229,-0.07726452117412519,-0.03281695812742136,0.3725015286295041,-0.08809885491788579,-0.6792956958357713,76.70090206454032,0.5428571428571428,0.7259850880561494,-0.11203408872897447,-0.06285821949944037,0.18169969449104434,-0.3459456532137347,-1.1082038970889327,-0.08799150488406075,-0.11867176433561477,-0.028126902525790826,-0.11203408872897447
H4,20,2.5,20,1.5,12,17.015717550339456,0.46568627450980393,1.0624979576179987,0.03297723216457315,0.0027298785348313093,0.043757760421083654,0.06238615753095035,0.11664222632987915,16.801149976042165,0.34782608695652173,0.6176400975875022,-0.22527802871813682,-0.01842968270434575,0.07680727957252083,-0.23994708323114855,-0.7200229745460257,0.0022396990645164204,-0.04700247362664042,0.15561303009849872,-0.22527802871813682
H4,20,2.5,20,1.5,48,17.015717550339456,0.46568627450980393,1.0713386051520266,0.038838192024992856,0.0032023054849730226,0.04948436144107744,0.06471348506307607,0.13354916916859988,16.801149976042165,0.3695652173913043,0.6363296438349694,-0.2206030720366709,-0.018133848015695953,0.07908340853763107,-0.2293002837259744,-0.6990392514666991,0.020317296929594126,-0.040870658524033834,0.14818909993150906,-0.2206030720366709
H4,20,2.5,20,3.0,12,15.597741087811169,0.5561497326203209,0.9250997041771225,-0.02479693086450064,-0.0019226434582383378,0.04386766805380866,-0.04382825765618537,-0.12040303769363839,15.340180412908063,0.5,0.7464514997838431,-0.07700706780817883,-0.006039010161442038,0.03593541791365744,-0.16805175818330698,-0.39835598675270295,-0.05284072423489178,-0.04992523202004383,0.03125820725933293,-0.07700706780817883
H4,20,2.5,20,3.0,48,15.514330707662445,0.6021505376344086,0.9798021600133825,-0.00662389332900365,-0.0005285904338390157,0.035543528090822514,-0.014871636616610942,-0.02625764109938105,15.340180412908063,0.5,0.6709299763892311,-0.11978423532805119,-0.009169625877719523,0.044366173249892935,-0.20668056778463875,-0.5887634816766633,-0.01654670026740352,-0.01314861720197874,0.01081893434435057,-0.11978423532805119
H4,20,2.5,25,1.5,12,29.110222671904268,0.42406876790830944,0.9606936560152233,-0.02247729009989478,-0.0032075117215949467,0.13139230703225882,-0.02441171628722109,-0.07495603335329419,26.66269452719735,0.3150684931506849,0.5745937480576123,-0.2766443813902687,-0.038539604579722386,0.12757241127632873,-0.302099836431276,-1.1287775432510885,-0.017360184333461842,-0.09241047589358564,0.033390703504382585,-0.2766443813902687
H4,20,2.5,25,1.5,48,29.110222671904268,0.4326647564469914,0.9640317797714153,-0.021344879907370617,-0.003028905934700843,0.11689391432808022,-0.025911579333375442,-0.0695725856247584,26.66269452719735,0.3150684931506849,0.5746795849655952,-0.2883273617858695,-0.040173235776535754,0.12788977086544787,-0.31412391706293535,-1.1479009301771166,0.004675829212613294,-0.0817232467291616,0.007344652980701231,-0.2883273617858695
H4,20,2.5,25,3.0,12,25.69039708580663,0.5292207792207793,0.8887855817257424,-0.037481041938589664,-0.0048193718415471265,0.08243200966722872,-0.058464810708880405,-0.2300692190125357,24.471240182496196,0.44776119402985076,0.5864976558118582,-0.1698512207398588,-0.020727447843235214,0.07071717026815967,-0.29310346786553654,-1.0380127894588846,-0.048502256486502866,-0.06491444030229153,-0.0043737970981067254,-0.1698512207398588
H4,20,2.5,25,3.0,48,25.523576325509186,0.5915032679738562,0.8949244540279748,-0.03799314153870343,-0.004856374850925271,0.07930057498390541,-0.06124009632856893,-0.21486879533762498,24.10599779171267,0.4393939393939394,0.543916564155712,-0.21019752769860103,-0.02529704181366621,0.07789518673933016,-0.32475744487680197,-1.2080315279232274,-0.04442452498584117,-0.05330081016508639,-0.018938011497454343,-0.21019752769860103
H4,20,2.5,100,1.5,12,50.46327998997731,0.3884297520661157,0.8175384812612444,-0.10786917975072328,-0.03132178567190935,0.34436464879781375,-0.0909552876035753,-0.507191917383895,45.655298847940664,0.352,0.7263845667304979,-0.17033944386401412,-0.05664679598019573,0.19231308953305953,-0.2945550722404565,-0.854021963365311,-0.17543826125788956,-0.08745891493021678,-0.04997858495771886,-0.17033944386401412
H4,20,2.5,100,1.5,48,50.37986960982859,0.38741721854304634,0.8057154175947191,-0.12261058429204347,-0.036482844239675405,0.3634169553586806,-0.10038839328139776,-0.5619310784443471,45.655298847940664,0.36,0.7246807062484245,-0.17743925755879228,-0.06379362924033183,0.20654740889723985,-0.3088570782898082,-0.8718321696582837,-0.1917305780714838,-0.07383957234158305,-0.09016945347720272,-0.17743925755879228
H4,20,2.5,100,3.0,12,42.289062735402474,0.4812623274161736,0.7671541985814576,-0.08451332324875435,-0.01927849951196059,0.2234129304679206,-0.08629088509596694,-0.6316415310156903,38.35045103227016,0.47619047619047616,0.68090817629686,-0.13078985111963393,-0.02833666309886884,0.09985239365418944,-0.28378551641941474,-0.9502657726105641,-0.11931940516347003,-0.09486817607556161,-0.03490874193780492,-0.13078985111963393
H4,20,2.5,100,3.0,48,41.53836931406397,0.5481927710843374,0.7844724829776302,-0.08402797441363621,-0.01874126213501237,0.22766098780015775,-0.08232092075197164,-0.583165330942523,36.88948146913606,0.46534653465346537,0.6044274502905879,-0.1792419172687333,-0.03844455494462229,0.11681651230865886,-0.32910206087168586,-1.2312034797235867,-0.09441775449526343,-0.09313418797239237,-0.06334708593253391,-0.1792419172687333
H4,20,3.0,20,1.5,12,6.589420031749103,0.4430379746835443,0.9161121355099903,-0.04855143574478066,-0.0015532099797207488,0.04549241586529437,-0.03414217403445646,-0.08903423234355509,5.1133934709693545,0.2857142857142857,0.5629347145684778,-0.28387750475455975,-0.007459597547235686,0.039769883935531485,-0.18756900471039797,-0.4748048152477704,-0.04639854914607367,-0.1418787502519532,0.04254018883296536,-0.28387750475455975
H4,20,3.0,20,1.5,48,6.589420031749103,0.4430379746835443,0.9180562564356091,-0.04900801568370379,-0.0015677159574201127,0.04703106189545232,-0.03333362876018122,-0.08887370563749157,5.1133934709693545,0.2857142857142857,0.5258270771576089,-0.3304235315506972,-0.008586150142080307,0.042790119407464806,-0.20065730736386864,-0.5458648638362148,-0.04267438218239833,-0.154505388271719,0.049912122114494244,-0.3304235315506972
H4,20,3.0,20,3.0,12,6.255778511154212,0.5466666666666666,0.8566258726136322,-0.04974447182183927,-0.0015192910466323983,0.029448134153970722,-0.05159209879609776,-0.1572718489202381,5.1133934709693545,0.2857142857142857,0.3542295261010333,-0.29245505611756967,-0.0077899492926475356,0.027134794395663096,-0.2870834095537716,-0.9007973562361498,-0.08865857596956882,-0.03725232716440762,-0.022742103380171935,-0.29245505611756967
H4,20,3.0,20,3.0,48,6.255778511154212,0.5733333333333334,0.8766642548049643,-0.045936485217476945,-0.0014098205059062119,0.030578635047120488,-0.04610475594262901,-0.1350002457807492,5.1133934709693545,0.2857142857142857,0.3188222064452957,-0.3501174703233919,-0.009023448347992291,0.030573567016609682,-0.2951388806903077,-0.9781098483587585,-0.11557192266963044,-0.04388928870284935,0.024382632571003048,-0.3501174703233919
H4,20,3.0,25,1.5,12,11.343811700226304,0.39705882352941174,0.8624209461197061,-0.08033330593842888,-0.004559710522341609,0.09379860581122033,-0.04861170891514647,-0.1963211072067823,7.304847815670506,0.25,0.5833367863381507,-0.29896637148122396,-0.011358583268948785,0.043738709418906986,-0.2596917792009381,-0.5828549684066395,-0.018977069384849107,-0.28697478240225616,0.06310510207893805,-0.29896637148122396
H4,20,3.0,25,1.5,48,11.343811700226304,0.4117647058823529,0.85569327817356,-0.08788058622933466,-0.00499746146554636,0.09663198423426028,-0.05171643224702138,-0.2111974441150553,7.304847815670506,0.25,0.5579187661958074,-0.3315485902385201,-0.012600115116868649,0.047116112919822914,-0.267426880870036,-0.6426361463997285,-0.05860641028563227,-0.27213669064266627,0.07029940893736705,-0.3315485902385201
H4,20,3.0,25,3.0,12,10.426297518590353,0.512,0.812166486274089,-0.06651768862653885,-0.0034225396090227234,0.06281455144049389,-0.05448641326787151,-0.2637572976905951,7.304847815670506,0.3,0.42096941192129517,-0.30682927928205245,-0.011128251576587811,0.03627281823049015,-0.30679313379718703,-1.0062605962429003,-0.07357951111655807,-0.16195647817492115,0.03969757846259387,-0.30682927928205245
H4,20,3.0,25,3.0,48,10.426297518590353,0.552,0.7914279991934342,-0.08299132671401234,-0.004280211110785803,0.07827134415672986,-0.05468426736373846,-0.30161774508080635,7.304847815670506,0.25,0.3492572881090929,-0.37653639080811596,-0.013673881359385187,0.04051850630776068,-0.3374724935693439,-1.1611466630073215,-0.15696657132691635,-0.14190178703382977,0.06468251084973843,-0.37653639080811596
H4,20,3.0,100,1.5,12,19.18438743420625,0.34347826086956523,0.6469056357893477,-0.22309304079218792,-0.023636894748988446,0.2502592648181199,-0.0944496291322799,-0.7299064085748185,12.783483677423385,0.3142857142857143,0.6718657271607311,-0.21828631970823784,-0.017626020091785155,0.05844998682487633,-0.30155729794422326,-0.5305611065072154,-0.2182594766965009,-0.34688087685181657,-0.09882629410098145,-0.21828631970823784
H4,20,3.0,100,1.5,48,19.18438743420625,0.34782608695652173,0.642849546503758,-0.239889971949459,-0.025677349312903885,0.2688300385414851,-0.09551517922704694,-0.7565948401742177,12.783483677423385,0.3142857142857143,0.6349788339687727,-0.2554016659290124,-0.021396421599708004,0.06858244960944554,-0.3119810056589343,-0.6052331700789023,-0.2891364633784479,-0.3097479806967972,-0.09299972916870076,-0.2554016659290124
H4,20,3.0,100,3.0,12,17.09912793048818,0.44878048780487806,0.627048416962583,-0.1511159921193909,-0.01353456035410805,0.16591817355729557,-0.08157370626692824,-0.7328134618228174,12.41824128663986,0.4117647058823529,0.5718417504367108,-0.19332279746280653,-0.012730628880495698,0.04311300842677776,-0.29528509712137424,-0.791674050832301,-0.18197016200012947,-0.20163785219459432,-0.05622846837332569,-0.19332279746280653
H4,20,3.0,100,3.0,48,16.848896790042012,0.48514851485148514,0.6137813311029895,-0.1741476030413538,-0.01550301111901431,0.19546408852573227,-0.07931385880620923,-0.7706162269871303,12.41824128663986,0.38235294117647056,0.48666014810011426,-0.25704447445520406,-0.01773526896442934,0.053280147848198234,-0.33286823855968506,-0.9679401446561838,-0.25238251386603083,-0.20661371263182712,-0.03628607536496197,-0.25704447445520406
H4,50,2.0,20,1.5,12,15.597741087811169,0.37967914438502676,0.7747737591573369,-0.1421195449008904,-0.01142677789373514,0.16388924971306765,-0.06972255906803404,-0.40308476977858637,15.705422803691588,0.2558139534883721,0.371165936421704,-0.45065431983981324,-0.040221683303962474,0.11235995530461683,-0.3579716919156676,-1.387782304725144,-0.1073688745124386,-0.22320903294792568,-0.07760549716279902,-0.45065431983981324
H4,50,2.0,20,1.5,48,15.597741087811169,0.33689839572192515,0.7939478631194432,-0.14335663317103245,-0.011545880368374895,0.15497012866807458,-0.0745039090282014,-0.36871497824157,15.705422803691588,0.23255813953488372,0.5125234403154076,-0.3757159806894164,-0.0331186647288666,0.0942672251737351,-0.3513274594412712,-0.9865185183087568,-0.0788081680870751,-0.20297625321048102,-0.13492245993083732,-0.3757159806894164
H4,50,2.0,20,3.0,12,13.429071203944375,0.484472049689441,0.7766752694909527,-0.08633341298231367,-0.00578286718524923,0.07514297692126397,-0.07695818587688656,-0.37035478711026676,13.513968458990437,0.43243243243243246,0.6235445785008892,-0.15691948642638895,-0.010607432499554759,0.03972316125430316,-0.26703394605598435,-0.6394057465453532,-0.05991920067684015,-0.09248477665942662,-0.10248871219954472,-0.15691948642638895
H4,50,2.0,20,3.0,48,13.012019303200761,0.5128205128205128,0.8008055207344544,-0.09795711121140177,-0.006371823122789277,0.08887124352272305,-0.07169724277752564,-0.3494978685737491,13.513968458990437,0.40540540540540543,0.5705768009971143,-0.2572503060117544,-0.017590688992640713,0.05418064384375869,-0.3246674041631394,-0.8800085346642864,-0.02711120400229684,-0.06493505127027382,-0.19600602493579197,-0.2572503060117544
H4,50,2.0,25,1.5,12,29.610684952796603,0.38028169014084506,0.9011060651727522,-0.05948144361016498,-0.008939369338294978,0.18066901730894724,-0.049479260315057214,-0.20775526764795504,28.488906481114974,0.358974358974359,0.761739357224591,-0.14643535276698305,-0.022744158672560966,0.10769407577738109,-0.21119229176149265,-0.550791154170295,0.014968628894328036,-0.21145895022457392,0.029839038821056076,-0.14643535276698305
H4,50,2.0,25,1.5,48,29.193633052052988,0.3485714285714286,0.9357483537014061,-0.04398475507129743,-0.0064350018870262815,0.1697552433172551,-0.037907529459929104,-0.13014114367309013,28.12366409033145,0.2857142857142857,0.7423162302383003,-0.1850588723537435,-0.027431661052615186,0.09465634105605356,-0.2898026772064929,-0.6028151256841575,0.009494605530957339,-0.15122934609295666,0.019268749003345794,-0.1850588723537435
H4,50,2.0,25,3.0,12,23.438316821791116,0.4804270462633452,0.8686720468008177,-0.04835894014331716,-0.005672208043163818,0.10620106775929178,-0.05341008487805475,-0.26366230286551406,23.010270619362096,0.47619047619047616,0.749888980051615,-0.09534487125522469,-0.011063369355062247,0.05909383002790581,-0.18721699625557872,-0.5253066442189337,-0.005591647340424565,-0.15779997461792794,0.013318417725456342,-0.09534487125522469
H4,50,2.0,25,3.0,48,22.43739226000644,0.5315985130111525,0.9140218380612085,-0.04065778179147508,-0.004553951000881851,0.0803999534607084,-0.05664121438960005,-0.17756712660944043,21.549301056227993,0.4576271186440678,0.6890428525422165,-0.17739984882249896,-0.01828452265071301,0.06466123580276169,-0.2827740983251062,-0.7280364628296685,0.005786124211504473,-0.09875721890841922,-0.025370540778479014,-0.17739984882249896
H4,50,2.0,100,1.5,12,70.1481297050759,0.36741973840665876,0.8453909358010661,-0.09195875848841123,-0.038595743899121904,0.42637624563449306,-0.09052038966590961,-0.4636416130771834,75.23993250140622,0.3786407766990291,0.9648172363848686,-0.01937183350890149,-0.01224409963071349,0.16396865839285654,-0.07467341472891453,-0.07824457001983844,-0.08255044005377314,-0.1622448942895987,-0.022141104840357657,-0.01937183350890149
H4,50,2.0,100,1.5,48,69.0637947631425,0.30193236714975846,0.8286755032471759,-0.12426797986630145,-0.05546317391907818,0.5294360750681515,-0.10475896247141583,-0.5448685149594796,74.8746901106227,0.3073170731707317,0.9843848779722136,-0.008248141772021274,-0.011894158456735249,0.22807835142853372,-0.05214944067351423,-0.02243666659652391,-0.12055999895255168,-0.16171289345639148,-0.08455383510646057,-0.008248141772021274
H4,50,2.0,100,3.0,12,49.712586568638805,0.4412751677852349,0.787598397396791,-0.0807463313334433,-0.021850645410750436,0.2636707362978289,-0.08287095381745008,-0.5926994447182192,50.76869231891002,0.4748201438848921,0.9107399844050926,-0.03148772721821344,-0.009984855124191117,0.06980277948792626,-0.14304380423587845,-0.2306263994435412,-0.08339782273679497,-0.1328889133344219,-0.02320982604445739,-0.03148772721821344
H4,50,2.0,100,3.0,48,46.20935060239245,0.4855595667870036,0.8135961757425623,-0.09488817275373276,-0.0243592274570833,0.28902765058749963,-0.08427992064969866,-0.5684603931578178,47.84675319264181,0.48854961832061067,0.9279441061384022,-0.04103457774430129,-0.0109009686376218,0.09446464393494229,-0.1153973400368638,-0.1921309119808866,-0.05752983495304265,-0.15555758248351084,-0.06468889185503199,-0.04103457774430129
H4,50,2.5,20,1.5,12,8.341038014872282,0.36,0.7848028918513227,-0.14114588984516696,-0.005867977789504097,0.08879264530963876,-0.06608630443480105,-0.2945470938942213,6.574363034103456,0.16666666666666666,0.21622000782747106,-0.6648532185558909,-0.022942929171647974,0.06530801443554325,-0.35130342531377756,-1.246067316019934,-0.10051781345828162,-0.23487588649697397,-0.08170237470340819,-0.6648532185558909
H4,50,2.5,20,1.5,48,8.341038014872282,0.3,0.732365468079313,-0.194489835286454,-0.008230532173517213,0.1091509645923374,-0.07540503379202397,-0.36605370765505485,6.574363034103456,0.1111111111111111,0.21688449934335627,-0.6716421920492122,-0.02389903083042355,0.06791752141424813,-0.3518831419753471,-1.165055986168649,-0.11890852396170862,-0.31773209135425295,-0.13653517907157603,-0.6716421920492122
H4,50,2.5,20,3.0,12,7.423523833236332,0.4943820224719101,0.7267052091106706,-0.11147195240690957,-0.004123388108306925,0.05875234612912507,-0.07018252682615603,-0.359428853902388,5.843878252536405,0.375,0.3823496394452197,-0.32196077359498393,-0.009349543415757,0.029789019885115495,-0.3138587120964202,-0.9294341392998445,-0.06936931811832882,-0.15546448413699188,-0.10306257765286417,-0.32196077359498393
H4,50,2.5,20,3.0,48,7.423523833236332,0.4943820224719101,0.7814134992594672,-0.10935753626446634,-0.004014767690511123,0.0542595647905419,-0.07399188891413566,-0.288628354945889,5.843878252536405,0.25,0.2667062810116682,-0.5137181043679744,-0.015003587358304649,0.04241716532359659,-0.3537149935372551,-1.27801396167321,-0.04110966288765629,-0.06526052940336444,-0.20752790877981697,-0.5137181043679744
H4,50,2.5,25,1.5,12,16.01479298855478,0.3697916666666667,0.895115152187184,-0.06426114570902665,-0.005051493150675879,0.1228401216954178,-0.041122502004687526,-0.16435385525428622,13.148726068206912,0.3333333333333333,0.8017476865892115,-0.1395274874905142,-0.009071318374863191,0.06485310787488753,-0.13987484443094506,-0.3023064785047723,-0.03533231531697365,-0.23974269843246582,0.07397393395171038,-0.1395274874905142
H4,50,2.5,25,1.5,48,15.931382608406059,0.3193717277486911,0.8920230300171889,-0.07714068199020405,-0.0061086022857066435,0.14814607443213917,-0.041233642599857026,-0.17204881451962475,13.148726068206912,0.25,0.7350559081997033,-0.20277223711830064,-0.013433353320840946,0.07958354424586778,-0.16879561532644918,-0.42219157855054856,-0.06543137900266273,-0.21125954266798608,0.03831037383756073,-0.20277223711830064
H4,50,2.5,25,3.0,12,13.012019303200761,0.5,0.8928910762434887,-0.03880923519061279,-0.0024773234055319726,0.06685777641436201,-0.03705363143067091,-0.15531506720206062,10.957271723505759,0.5,0.8997264878502415,-0.05039928185292338,-0.002274893009157064,0.030780649435140174,-0.07390659556909716,-0.14361654871127652,-0.035363462502718955,-0.1215549340440309,0.031994270314319596,-0.05039928185292338
H4,50,2.5,25,3.0,48,12.928608923052039,0.5096774193548387,0.9058350621403187,-0.047429346936482986,-0.002969593902722667,0.06923682325250409,-0.04289038351590265,-0.14486609255839905,10.957271723505759,0.4,0.7644228511056504,-0.14468481083287218,-0.007269216436003756,0.045535405716691256,-0.15963877605990417,-0.3998950220089611,-0.12608683547084432,0.005074507185428061,-0.02548248564919453,-0.14468481083287218
H4,50,2.5,100,1.5,12,36.783977645586766,0.3764172335600907,0.8514098054868041,-0.0870973851479987,-0.017116795171062127,0.3012739583698254,-0.05681471861584067,-0.31020832908408535,35.42851190600196,0.35051546391752575,0.9223538877181762,-0.05200321634936327,-0.010248685922682244,0.09299677197903082,-0.1102047490959487,-0.16929350121566544,-0.16821201961486706,-0.19061274501969958,0.09513161236337614,-0.05200321634936327
H4,50,2.5,100,1.5,48,36.61715688528932,0.28929384965831434,0.8230490914337838,-0.13004191437150478,-0.026194068473933907,0.3322401894759183,-0.07884075829372991,-0.4046051907743099,35.79375429678548,0.2755102040816326,0.9539783978133962,-0.0337801277270982,-0.010730479135468762,0.09204503681452582,-0.11657857399841208,-0.13053765916998605,-0.16269989044594135,-0.22988782915972414,0.00018940705574973824,-0.0337801277270982
H4,50,2.5,100,3.0,12,27.608835829227257,0.48036253776435045,0.7967443271612201,-0.07626275403941489,-0.010915163615668355,0.1755372356030892,-0.062181471516099596,-0.4294245855930251,25.932209745630296,0.49295774647887325,1.1107252701458226,0.031019587728692042,0.0055348884168948675,0.02886991499574711,0.19171820969026837,0.22839732683134578,-0.1122161219375194,-0.15790550144717036,0.03465790439840689,0.031019587728692042
H4,50,2.5,100,3.0,48,27.275194308632365,0.46788990825688076,0.7894683926095265,-0.11086844297022529,-0.015835254622810768,0.2008258695260584,-0.07885067128145085,-0.49700078737499287,25.932209745630296,0.4647887323943662,1.039609016045842,0.017401938111752235,0.0018054000374483348,0.04165493639905199,0.0433418027614471,0.059321615447439996,-0.13775465990726282,-0.14348541800611983,-0.04685270233708209,0.017401938111752235
H4,50,3.0,20,1.5,12,3.6700567265438044,0.4318181818181818,1.189051238251901,0.1019730583875377,0.0018290793760560309,0.03327641243996703,0.05496624311156792,0.14602925339567288,3.287181517051728,0.2222222222222222,0.39460012645929443,-0.4884555014279349,-0.007286293309901937,0.03139706106878146,-0.232069278520683,-0.5790286423297488,0.2643401543789548,0.2736376050719961,-0.29736822142135705,-0.4884555014279349
H4,50,3.0,20,1.5,48,3.6700567265438044,0.3409090909090909,0.9841520285466495,-0.011683344789154958,-0.0001934190266807967,0.04497399427207562,-0.004300685981117996,-0.00620074400295743,3.287181517051728,0.2222222222222222,0.48024863651491534,-0.4224959454404511,-0.00640395250607706,0.032066698064477525,-0.19970726306776052,-0.48946275894458974,0.33663406093393916,0.1645056367279208,-0.6171953729363554,-0.4224959454404511
H4,50,3.0,20,3.0,12,3.5032359662463586,0.5238095238095238,0.8980238967665107,-0.03727897399881178,-0.0006514967836984686,0.026417763373783265,-0.02466131498266836,-0.08122445582970289,2.9219391262682026,0.5,0.8155549315530224,-0.08846862579573027,-0.0009557718259843861,0.008090413291371976,-0.11813634131691014,-0.13087106817834807,0.09290175537246582,0.04837122568478141,-0.2694499083893053,-0.08846862579573027
H4,50,3.0,20,3.0,48,3.5032359662463586,0.47619047619047616,0.7615703939262133,-0.1290866408064055,-0.002220794811465643,0.04548489619442863,-0.04882488468199834,-0.22432388051929075,2.9219391262682026,0.5,0.8485738774504702,-0.10707223912628647,-0.0010326350724667588,0.010494430505255989,-0.09839839064631263,-0.12696731807048303,0.14442664875973957,-0.030104894969419222,-0.5109981141927522,-0.10707223912628647
H4,50,3.0,25,1.5,12,7.256703072938886,0.3563218390804598,0.934689902615125,-0.03877466841376642,-0.0013519473504322033,0.03942504019630971,-0.034291590920400614,-0.06559792693636642,5.843878252536405,0.3125,0.6035583648909695,-0.2841511758801324,-0.007843010875021594,0.031720610262723534,-0.24725283687994826,-0.4750135173819993,-0.051693653879594646,0.09869392685074285,-0.15127109016741383,-0.2841511758801324
H4,50,3.0,25,1.5,48,7.256703072938886,0.2988505747126437,0.9001488245422042,-0.07275766476640957,-0.0026208695041899377,0.05724831654927969,-0.04578072617967513,-0.10998446030444782,5.843878252536405,0.1875,0.39879057745574414,-0.5044926907452254,-0.014355540487662966,0.042284040286889195,-0.3395025733175767,-0.7889348649443104,0.014927140593296964,0.13300663326083592,-0.3378084678255921,-0.5044926907452254
H4,50,3.0,25,3.0,12,6.4225992714516575,0.44155844155844154,0.7674477464027365,-0.08779548974167886,-0.00278952024520851,0.03695473130755184,-0.0754847930564837,-0.2588988484079219,4.748151080185829,0.46153846153846156,0.7299946902980462,-0.13085323823807687,-0.002618315762498158,0.012842795955522733,-0.20387427874474753,-0.26822615983941733,-0.08824621349330787,0.004517083817823273,-0.17967467507846072,-0.13085323823807687
H4,50,3.0,25,3.0,48,6.4225992714516575,0.4805194805194805,0.8429609692243631,-0.085051408398871,-0.002662504063758453,0.04994127553484603,-0.053312696466887737,-0.18275970606394648,4.748151080185829,0.38461538461538464,0.5333838824072578,-0.3066305944983055,-0.006586495332276843,0.019748613365634396,-0.33351685054193986,-0.5827336227042518,0.06278549298087116,0.004325485222020719,-0.3165791687310533,-0.3066305944983055
H4,50,3.0,100,1.5,12,16.265024129000953,0.358974358974359,0.8555969732576592,-0.08297937263218563,-0.006809923578067201,0.1043222620289952,-0.06527775994901701,-0.21434291647996753,12.052998895856335,0.36363636363636365,0.9759046341994447,-0.026128321760383936,-0.0009609328172723863,0.04646341685786078,-0.020681492715269683,-0.024252172350562092,-0.11980310101659043,-0.05367863801194095,-0.0754563788680255,-0.026128321760383936
H4,50,3.0,100,1.5,48,16.265024129000953,0.28205128205128205,0.813633952300051,-0.1381019145288058,-0.011768815970550461,0.14661426415232473,-0.08027060694669697,-0.32406542746178246,12.052998895856335,0.2727272727272727,0.8214374422687236,-0.1429893753844055,-0.008735524711387277,0.05966828775738424,-0.1464014644916003,-0.2687820111182501,-0.09972803077163978,-0.009438006925622078,-0.30513970588915557,-0.1429893753844055
H4,50,3.0,100,3.0,12,13.178840063498207,0.43670886075949367,0.7004750005140106,-0.11700545281058193,-0.007791723674095641,0.09728864642457129,-0.08008872525671976,-0.4617676457338707,9.861544551155184,0.4444444444444444,0.8150975425268208,-0.10176211822773444,-0.004163904164866672,0.03444149199242074,-0.12089790319719565,-0.2681965446495111,-0.09765821599298405,-0.11011554267392579,-0.14465086507319094,-0.10176211822773444
H4,50,3.0,100,3.0,48,13.095429683349483,0.43312101910828027,0.6845975799884446,-0.18295712568744882,-0.012400294353151597,0.1666022415343805,-0.07443053730218052,-0.5869601272212056,9.861544551155184,0.37037037037037035,0.6184931415485753,-0.2589493261303676,-0.012850110608741305,0.043488231136514836,-0.2954847845708704,-0.6834155586286718,-0.020622580751535342,-0.15219088424297114,-0.3908906501493816,-0.2589493261303676
