sym,rule,lo,trend_n,exit_ma,sl_atr,n,win,avg_r,r_1317,r_1823,n26,r26
US500,rsi2,5,100,3,2.0,36,0.7222222222222222,0.17601423392487547,0.20472657131143887,0.15978552148899186,1,0.1410331183498882
US500,rsi2,5,100,3,3.0,36,0.7222222222222222,0.07964955046603112,0.13466711440609527,0.0485526664999079,1,0.09402207889992548
US500,rsi2,5,100,5,2.0,35,0.7714285714285715,0.18971363900135002,0.18004666596428504,0.1954259412505248,2,13.20464432396156
US500,rsi2,5,100,5,3.0,35,0.8,0.10384435311629395,0.16166450415866035,0.06967790022762287,2,8.803096215974374
US500,rsi2,5,100,10,2.0,35,0.6571428571428571,0.0955682507181742,0.08915455113497855,0.09935816410824438,2,12.834010221104108
US500,rsi2,5,100,10,3.0,34,0.7058823529411765,0.028394880738387453,0.20784659514978257,-0.08269427580199998,2,8.556006814069404
US500,rsi2,5,200,3,2.0,46,0.717391304347826,0.13942639254195505,0.20420224854249197,0.09778477082732417,1,0.1410331183498882
US500,rsi2,5,200,3,3.0,45,0.7111111111111111,0.04240338152891545,0.1227532303464334,-0.006380455253149015,1,0.09402207889992548
US500,rsi2,5,200,5,2.0,45,0.7555555555555555,0.1887397264246013,0.2363933939118675,0.15697061476642385,2,13.20464432396156
US500,rsi2,5,200,5,3.0,44,0.7727272727272727,0.07504833698696431,0.14591907240170723,0.030426022096200208,2,8.803096215974374
US500,rsi2,5,200,10,2.0,45,0.6666666666666666,0.16376304712609496,0.2611187968887149,0.09885921395101505,2,12.834010221104108
US500,rsi2,5,200,10,3.0,42,0.6666666666666666,0.020595176289918655,0.1852624711577504,-0.08073854362874704,2,8.556006814069404
US500,rsi2,10,100,3,2.0,84,0.6666666666666666,0.07708226968405808,0.2061932093554307,-0.010713169292475302,7,0.422911189078432
US500,rsi2,10,100,3,3.0,78,0.7051282051282052,0.05603777329475804,0.13660118880454186,-0.006215775053711276,7,0.28194079271895467
US500,rsi2,10,100,5,2.0,82,0.6707317073170732,0.10400767381131916,0.2460556690040676,0.0033903438831222876,7,3.556328961683466
US500,rsi2,10,100,5,3.0,76,0.7368421052631579,0.09341043104411599,0.17978964954457474,0.02348439701993513,7,2.3708859744556436
US500,rsi2,10,100,10,2.0,80,0.6625,0.0981601410443867,0.24512770094155462,-0.010468055401346092,6,4.152589017208798
US500,rsi2,10,100,10,3.0,74,0.7432432432432432,0.09353484788718616,0.2275318450789503,-0.020362599725813352,6,2.7683926781391985
US500,rsi2,10,200,3,2.0,98,0.6836734693877551,0.08711301963664485,0.2150316873293838,-0.004898653616027045,7,0.422911189078432
US500,rsi2,10,200,3,3.0,88,0.7045454545454546,0.04522572106274502,0.13492851597202682,-0.026170381007907844,7,0.28194079271895467
US500,rsi2,10,200,5,2.0,95,0.6947368421052632,0.12212480852273638,0.266571219974154,0.01245253316147481,7,3.556328961683466
US500,rsi2,10,200,5,3.0,85,0.7411764705882353,0.07941875829862667,0.17124320305230553,0.001567598616159817,7,2.3708859744556436
US500,rsi2,10,200,10,2.0,93,0.6774193548387096,0.1402204428181186,0.31283361524665315,0.004121595326389395,6,4.152589017208798
US500,rsi2,10,200,10,3.0,83,0.7228915662650602,0.0843476582924088,0.21369174033051785,-0.02487623320643885,6,2.7683926781391985
US500,rsi2,20,100,3,2.0,175,0.6457142857142857,0.001178776159503551,0.060780759894935664,-0.04674859220507074,12,0.15268896179728894
US500,rsi2,20,100,3,3.0,161,0.6956521739130435,0.03277047593435254,0.06314870868231931,0.0062778310960094055,11,0.07949174860861268
US500,rsi2,20,100,5,2.0,163,0.6380368098159509,0.022590812429545637,0.0814821341907796,-0.025176592999010813,11,2.0921149839216717
US500,rsi2,20,100,5,3.0,145,0.7103448275862069,0.06055684531205717,0.0868134023303583,0.03605072542830948,11,1.3933135871016897
US500,rsi2,20,100,10,2.0,164,0.6524390243902439,0.01726043104182947,0.0827028182441992,-0.03788764806129108,11,2.118432012749499
US500,rsi2,20,100,10,3.0,145,0.7448275862068966,0.06595795398244582,0.11707444905553885,0.015541684869258152,9,1.7866749339213688
US500,rsi2,20,200,3,2.0,184,0.6521739130434783,0.017525448248294988,0.08279677003217586,-0.03268326081622875,12,0.15268896179728894
US500,rsi2,20,200,3,3.0,168,0.6904761904761905,0.03410535162570847,0.07019118308049105,0.004295316945670685,11,0.07949174860861268
US500,rsi2,20,200,5,2.0,171,0.6549707602339181,0.04987935722418076,0.12023285112088374,-0.005084309882618446,11,2.0921149839216717
US500,rsi2,20,200,5,3.0,150,0.7133333333333334,0.06936067288576163,0.10531298230911572,0.0370491036571776,11,1.3933135871016897
US500,rsi2,20,200,10,2.0,173,0.6647398843930635,0.0553750567274284,0.13980759789487282,-0.012346877333959316,11,2.118432012749499
US500,rsi2,20,200,10,3.0,152,0.7368421052631579,0.07216497911090887,0.12804779495112054,0.021870444854718365,9,1.7866749339213688
US500,rsi2ibs,5,100,3,2.0,24,0.625,0.11739643637868265,0.20359803713205457,0.031194835625310734,1,0.1410331183498882
US500,rsi2ibs,5,100,3,3.0,24,0.625,0.05015338287358282,0.1628435419969583,-0.06253677624979266,1,0.09402207889992548
US500,rsi2ibs,5,100,5,2.0,24,0.7083333333333334,0.10299580733469144,0.1768614730059713,0.029130141663411675,1,0.1410331183498882
US500,rsi2ibs,5,100,5,3.0,24,0.75,0.0666773239049102,0.1972678867008791,-0.0639132388910587,1,0.09402207889992548
US500,rsi2ibs,5,100,10,2.0,24,0.5833333333333334,-0.018298827978135635,0.07839501527422255,-0.11499267123049377,1,0.46176133824367
US500,rsi2ibs,5,100,10,3.0,23,0.6521739130434783,-0.02057680548286166,0.24729848527459486,-0.312804395400087,1,0.30784089216244664
US500,rsi2ibs,5,200,3,2.0,33,0.6363636363636364,0.09830077611212647,0.200854509802429,0.0017796149918417603,1,0.1410331183498882
US500,rsi2ibs,5,200,3,3.0,33,0.6363636363636364,0.019387538382311373,0.1431409332858518,-0.09708624505631491,1,0.09402207889992548
US500,rsi2ibs,5,200,5,2.0,33,0.696969696969697,0.11631877845886318,0.18481957872252053,0.051847437034244444,1,0.1410331183498882
US500,rsi2ibs,5,200,5,3.0,33,0.7272727272727273,0.05039907477879387,0.17163751982356173,-0.06370769702804646,1,0.09402207889992548
US500,rsi2ibs,5,200,10,2.0,32,0.59375,0.07879552843046794,0.18833606398703678,-0.01785788529591637,1,0.46176133824367
US500,rsi2ibs,5,200,10,3.0,31,0.6129032258064516,-0.006139807011590759,0.21531837499146478,-0.2137568526394553,1,0.30784089216244664
US500,rsi2ibs,10,100,3,2.0,58,0.6551724137931034,0.09888237997491518,0.23784143854981432,-0.006389634096978097,5,0.33860602234737003
US500,rsi2ibs,10,100,3,3.0,58,0.7068965517241379,0.11718894267942499,0.1871473772327834,0.06419012862385043,5,0.2257373482315801
US500,rsi2ibs,10,100,5,2.0,58,0.6724137931034483,0.10243876090652691,0.2632727908715666,-0.01940520118820013,4,0.29899176454299936
US500,rsi2ibs,10,100,5,3.0,58,0.7758620689655172,0.1582581338159885,0.22918099809218023,0.10452869118251001,4,0.19932784302866624
US500,rsi2ibs,10,100,10,2.0,57,0.6491228070175439,0.10409626347447459,0.2683670109549326,-0.024240257994633255,4,0.6416549000322661
US500,rsi2ibs,10,100,10,3.0,56,0.75,0.13076111367086293,0.2983478884511869,-0.00438951115197896,4,0.42776993335484403
US500,rsi2ibs,10,200,3,2.0,67,0.6567164179104478,0.10228326264829876,0.23231341823938906,-0.003146593236369004,5,0.33860602234737003
US500,rsi2ibs,10,200,3,3.0,66,0.696969696969697,0.09769169253192139,0.17024333154304233,0.04082689438806984,5,0.2257373482315801
US500,rsi2ibs,10,200,5,2.0,66,0.6818181818181818,0.10165760557412751,0.2538971581401539,-0.025208688230894498,4,0.29899176454299936
US500,rsi2ibs,10,200,5,3.0,65,0.7692307692307693,0.1322528252919401,0.20674882973169798,0.07224215504880192,4,0.19932784302866624
US500,rsi2ibs,10,200,10,2.0,65,0.6461538461538462,0.12773753315753453,0.28737008592554125,-0.0008553565722487006,4,0.6416549000322661
US500,rsi2ibs,10,200,10,3.0,63,0.7142857142857143,0.10819739177427705,0.2512729763907179,-0.006263075918875595,4,0.42776993335484403
US500,rsi2ibs,20,100,3,2.0,118,0.6610169491525424,0.039994245240828875,0.11803110232738392,-0.011663955929144168,10,0.07027562907390153
US500,rsi2ibs,20,100,3,3.0,112,0.6964285714285714,0.06101121194546165,0.08201859952332609,0.047418196453902314,9,0.013489081571382023
US500,rsi2ibs,20,100,5,2.0,113,0.6548672566371682,0.05011093607183624,0.11186413383646959,0.009244849315828883,10,2.153692002795727
US500,rsi2ibs,20,100,5,3.0,106,0.7169811320754716,0.09700261724952501,0.09014756776872758,0.10150124347129834,9,1.6193810178378927
US500,rsi2ibs,20,100,10,2.0,113,0.672566371681416,0.0389820585121346,0.1045219529656951,-0.006015480963444257,9,2.5890680802107546
US500,rsi2ibs,20,100,10,3.0,103,0.7572815533980582,0.08797847254780294,0.12106439577512072,0.06426689423489186,8,1.9711584017973713
US500,rsi2ibs,20,200,3,2.0,123,0.6666666666666666,0.048119855286131746,0.13904851626961176,-0.014160049497073727,10,0.07027562907390153
US500,rsi2ibs,20,200,3,3.0,115,0.6869565217391305,0.050798274566420554,0.0824675794047018,0.029685404674233064,9,0.013489081571382023
US500,rsi2ibs,20,200,5,2.0,117,0.6752136752136753,0.06107090408474139,0.14144325458703458,0.005159703735319996,10,2.153692002795727
US500,rsi2ibs,20,200,5,3.0,109,0.7247706422018348,0.09312780733990199,0.10089002932466319,0.08766999500686676,9,1.6193810178378927
US500,rsi2ibs,20,200,10,2.0,117,0.6752136752136753,0.060971585040383844,0.16599115506153844,-0.012085507148245484,9,2.5890680802107546
US500,rsi2ibs,20,200,10,3.0,108,0.7407407407407407,0.0898545589893713,0.1354903603132761,0.05725755804372499,8,1.9711584017973713
NAS100,rsi2,5,100,3,2.0,39,0.6153846153846154,0.015945367760100176,0.08301463194354385,-0.035880881836197205,5,4.533971937566189
NAS100,rsi2,5,100,3,3.0,36,0.6388888888888888,0.021381801433913532,0.10998965496158244,-0.05789890961715864,5,3.0226479583774593
NAS100,rsi2,5,100,5,2.0,39,0.6410256410256411,0.0413755170512342,0.23456185718025155,-0.1079048366848247,5,4.472724979832053
NAS100,rsi2,5,100,5,3.0,36,0.75,0.08402350069197567,0.20184632874904276,-0.02139692441171597,4,3.734095141584582
NAS100,rsi2,5,100,10,2.0,39,0.5641025641025641,-0.12131647282477434,0.1824380883028698,-0.3560359064234086,5,4.496913729265285
NAS100,rsi2,5,100,10,3.0,36,0.6944444444444444,-0.05100121868549507,0.14550197003558404,-0.22681986122540793,4,3.7159624989856717
NAS100,rsi2,5,200,3,2.0,47,0.6808510638297872,0.0953271407206003,0.12081535101395212,0.07803156945011157,5,4.533971937566189
NAS100,rsi2,5,200,3,3.0,44,0.7045454545454546,0.07177843595490635,0.11666753967196186,0.040701364150791,5,3.0226479583774593
NAS100,rsi2,5,200,5,2.0,47,0.6595744680851063,0.11902317868935273,0.31793422859898246,-0.015952176606467416,5,4.472724979832053
NAS100,rsi2,5,200,5,3.0,44,0.75,0.12548145795150425,0.21722392353412331,0.06196744331738337,4,3.734095141584582
NAS100,rsi2,5,200,10,2.0,47,0.5957446808510638,-0.030099910343031604,0.3335951648447667,-0.27689299707760906,5,4.496913729265285
NAS100,rsi2,5,200,10,3.0,42,0.6666666666666666,-0.036984191877720125,0.14503797183138786,-0.17350081465955106,4,3.7159624989856717
NAS100,rsi2,10,100,3,2.0,91,0.6153846153846154,0.009057959663503718,0.11360969258172587,-0.08882025838759787,6,3.096790509573799
NAS100,rsi2,10,100,3,3.0,82,0.6219512195121951,-0.00042993800536772687,0.058125821936253444,-0.061913485944069924,5,2.502802132198726
NAS100,rsi2,10,100,5,2.0,88,0.6022727272727273,0.04183328872225941,0.19405190339511325,-0.0909531623753365,5,3.8169376011943257
NAS100,rsi2,10,100,5,3.0,78,0.6538461538461539,0.04537148239962948,0.09901827575062776,-0.0055929712838188594,4,3.187605659386476
NAS100,rsi2,10,100,10,2.0,89,0.6292134831460674,0.012099031555455187,0.24316124137093664,-0.1943820921094431,5,3.873321707545918
NAS100,rsi2,10,100,10,3.0,77,0.7012987012987013,-0.010160822056503161,0.15728534259698626,-0.1820134647271897,4,3.196302480886201
NAS100,rsi2,10,200,3,2.0,97,0.6597938144329897,0.03546467300074738,0.11386008309659089,-0.03524491257589579,7,2.6467099487811967
NAS100,rsi2,10,200,3,3.0,89,0.6741573033707865,0.023352859158515968,0.06357623570643815,-0.015976664577230165,6,2.0796936195017808
NAS100,rsi2,10,200,5,2.0,93,0.6236559139784946,0.06161441581165231,0.21958623048464382,-0.0742413448071204,6,3.243681725625953
NAS100,rsi2,10,200,5,3.0,85,0.6705882352941176,0.06180076921429648,0.10661843697034144,0.020038851532527293,5,2.6004048405470597
NAS100,rsi2,10,200,10,2.0,93,0.6344086021505376,0.03589683249639121,0.2953785239304851,-0.18725742213692956,6,3.2188058536258617
NAS100,rsi2,10,200,10,3.0,83,0.6746987951807228,-0.022954317283053707,0.12550328495207627,-0.16787721470306158,5,2.549872195912372
NAS100,rsi2,20,100,3,2.0,179,0.6536312849162011,0.05490376028804825,0.08696288187612367,0.028997399408795373,11,1.7762796932968075
NAS100,rsi2,20,100,3,3.0,169,0.6686390532544378,0.03910011736898607,0.06673018694842732,0.017054849087516977,10,1.3089827971321335
NAS100,rsi2,20,100,5,2.0,167,0.688622754491018,0.08966718227019498,0.14398315216391272,0.046448023430032515,10,1.9055457396650985
NAS100,rsi2,20,100,5,3.0,155,0.7096774193548387,0.06668355515076402,0.08012851809374445,0.05617484848268735,9,1.41407898616076
NAS100,rsi2,20,100,10,2.0,165,0.7090909090909091,0.07089511206274902,0.17117674018461537,-0.010652585530856552,10,1.9660030861496405
NAS100,rsi2,20,100,10,3.0,151,0.7549668874172185,0.047297525378898135,0.12386095540818456,-0.015429140187264236,9,1.4601134729075234
NAS100,rsi2,20,200,3,2.0,186,0.6666666666666666,0.052504362485304726,0.052767047451677776,0.05230610968049489,13,1.5401709115317634
NAS100,rsi2,20,200,3,3.0,176,0.6818181818181818,0.04066325252429625,0.05678450472205641,0.02841110085399852,12,1.1176603989238914
NAS100,rsi2,20,200,5,2.0,171,0.7017543859649122,0.09052572969218739,0.11787101258430331,0.06966437985696494,11,1.7666236131304616
NAS100,rsi2,20,200,5,3.0,160,0.71875,0.07260485602178206,0.0814874555005734,0.0656961675382777,10,1.2978312440636235
NAS100,rsi2,20,200,10,2.0,168,0.7083333333333334,0.06895323005875723,0.16461850597371652,-0.00635773183174265,12,1.6785980070953705
NAS100,rsi2,20,200,10,3.0,159,0.7547169811320755,0.051015690059726185,0.10278804016332099,0.010295864135550488,11,1.2239198247211884
NAS100,rsi2ibs,5,100,3,2.0,29,0.5862068965517241,0.09370878357446681,0.1728442485114649,0.008920785427683162,4,0.25650535518930473
NAS100,rsi2ibs,5,100,3,3.0,28,0.6428571428571429,0.12019169728428603,0.16458303805921343,0.06897091946706209,4,0.17100357012620312
NAS100,rsi2ibs,5,100,5,2.0,29,0.6551724137931034,0.12142459352139401,0.313343528277627,-0.08420283657456985,4,0.13047133014856566
NAS100,rsi2ibs,5,100,5,3.0,28,0.7857142857142857,0.1833719524810189,0.2829228271740044,0.06850555860449713,3,0.12507361576477538
NAS100,rsi2ibs,5,100,10,2.0,29,0.5517241379310345,-0.14882331641378777,0.20740863511144733,-0.5305004073336826,4,0.4467222998268374
NAS100,rsi2ibs,5,100,10,3.0,28,0.6428571428571429,-0.01600739982150606,0.22658318375566128,-0.2959196116413146,3,0.3551323437544373
NAS100,rsi2ibs,5,200,3,2.0,36,0.6666666666666666,0.1664563251952884,0.17504674955422733,0.15877015603202732,4,0.25650535518930473
NAS100,rsi2ibs,5,200,3,3.0,34,0.7058823529411765,0.14282291593546334,0.1478039089366652,0.13839536660106172,4,0.17100357012620312
NAS100,rsi2ibs,5,200,5,2.0,36,0.6944444444444444,0.222606258488914,0.3677788108238729,0.09271502745237177,4,0.13047133014856566
NAS100,rsi2ibs,5,200,5,3.0,34,0.7941176470588235,0.20311568389583567,0.2742756771775368,0.13986235653432363,3,0.12507361576477538
NAS100,rsi2ibs,5,200,10,2.0,36,0.5833333333333334,-0.06055581656382906,0.24435473598104646,-0.3333705214724018,4,0.4467222998268374
NAS100,rsi2ibs,5,200,10,3.0,32,0.65625,-0.0025459760224015634,0.20024118335470037,-0.20533313539950349,3,0.3551323437544373
NAS100,rsi2ibs,10,100,3,2.0,66,0.6060606060606061,0.05829714142549585,0.14377709613366008,-0.012936154164640962,5,0.0035880744130862203
NAS100,rsi2ibs,10,100,3,3.0,60,0.6166666666666667,0.03323577809215,0.05989110267653425,0.009912369080813783,4,0.03470221768551348
NAS100,rsi2ibs,10,100,5,2.0,65,0.6461538461538462,0.13448787942797735,0.23991265090043642,0.054706971286657004,4,0.13047133014856566
NAS100,rsi2ibs,10,100,5,3.0,59,0.6949152542372882,0.10466955180474623,0.12077519564044338,0.09198025666146967,3,0.12507361576477538
NAS100,rsi2ibs,10,100,10,2.0,65,0.6615384615384615,0.06472243941485586,0.23199159055234117,-0.061859620905403236,4,0.4467222998268374
NAS100,rsi2ibs,10,100,10,3.0,58,0.7241379310344828,0.02998969929935707,0.16646701537262976,-0.08089812001017696,3,0.3551323437544373
NAS100,rsi2ibs,10,200,3,2.0,72,0.6666666666666666,0.10308525405981378,0.17328147189955975,0.04027811178214634,6,-0.005972173984831159
NAS100,rsi2ibs,10,200,3,3.0,66,0.6818181818181818,0.06421442753712536,0.0914385603913204,0.03859171426258886,5,0.02059198535182171
NAS100,rsi2ibs,10,200,5,2.0,72,0.6805555555555556,0.1758529274771229,0.27458611145175005,0.09230946411397675,5,0.1798575336756707
NAS100,rsi2ibs,10,200,5,3.0,66,0.7272727272727273,0.12301168310625232,0.14092707195856152,0.10714376726563563,4,0.15670560312093001
NAS100,rsi2ibs,10,200,10,2.0,71,0.676056338028169,0.10103414645220701,0.2711238555548524,-0.03852664050380977,5,0.34662315666658633
NAS100,rsi2ibs,10,200,10,3.0,64,0.71875,0.032091336319643816,0.14536165830622452,-0.06785306543322152,4,0.2573870218200916
NAS100,rsi2ibs,20,100,3,2.0,132,0.6742424242424242,0.10086071213459649,0.2034806310089594,0.02042888382766341,8,0.048098461646221724
NAS100,rsi2ibs,20,100,3,3.0,124,0.6854838709677419,0.05947568962475301,0.12239715890136736,0.010936270468507658,7,0.054767678782611746
NAS100,rsi2ibs,20,100,5,2.0,124,0.7016129032258065,0.1481500227846337,0.2694604512816338,0.05456769222980501,7,-0.014118790920589097
NAS100,rsi2ibs,20,100,5,3.0,116,0.7155172413793104,0.09340796657489626,0.14679529510399714,0.05296302071951676,6,0.04444189939867526
NAS100,rsi2ibs,20,100,10,2.0,121,0.7272727272727273,0.1233659555416315,0.28885823498135715,-0.010015881618744383,7,0.212689325050918
NAS100,rsi2ibs,20,100,10,3.0,111,0.7657657657657657,0.06922686451746345,0.19318098847907086,-0.032374876434673766,6,0.2208482118209586
NAS100,rsi2ibs,20,200,3,2.0,142,0.6971830985915493,0.10338766290679617,0.16519545059786667,0.05684105736166902,10,0.08679329168178167
NAS100,rsi2ibs,20,200,3,3.0,134,0.7089552238805971,0.06511952745789311,0.10938262529743598,0.032353338148101624,9,0.07838561858262715
NAS100,rsi2ibs,20,200,5,2.0,132,0.7196969696969697,0.15779605884563844,0.2484957300664684,0.08670712734823119,8,0.03482135141749593
NAS100,rsi2ibs,20,200,5,3.0,125,0.736,0.10525437226331373,0.14720802072210556,0.07334596357634526,7,0.07403613736877793
NAS100,rsi2ibs,20,200,10,2.0,130,0.7384615384615385,0.12972247358872124,0.26003186065881145,0.024751022893370785,9,0.2191078332227188
NAS100,rsi2ibs,20,200,10,3.0,122,0.7704918032786885,0.07193317644685678,0.16198995474115024,0.0004174995660943308,8,0.20589826083638918
US30,rsi2,5,100,3,2.0,45,0.7333333333333333,0.03474419998756652,0.11336765392374633,-0.04745304730934872,4,0.45654656063010784
US30,rsi2,5,100,3,3.0,40,0.725,6.116694481141661e-05,0.038865794154339064,-0.03874346026471623,4,0.30436437375340525
US30,rsi2,5,100,5,2.0,45,0.6888888888888889,0.09162497793847416,0.15064657575245233,0.029920580223860717,4,0.4972472814943476
US30,rsi2,5,100,5,3.0,40,0.7,0.03097896619716336,0.06009460391149769,0.0018633284828290496,4,0.33149818766289846
US30,rsi2,5,100,10,2.0,45,0.6444444444444445,0.04929819606938072,0.20609648867803412,-0.11462729165784781,4,0.4466803243931885
US30,rsi2,5,100,10,3.0,40,0.7,0.013264435562709698,0.12533649239229477,-0.09880762126687535,4,0.2977868829287923
US30,rsi2,5,200,3,2.0,54,0.7407407407407407,0.06651318521588705,0.15199825597505767,0.012113594732778473,4,0.45654656063010784
US30,rsi2,5,200,3,3.0,50,0.74,0.02758215932546458,0.08397360001742664,-0.010012134469176776,4,0.30436437375340525
US30,rsi2,5,200,5,2.0,54,0.6851851851851852,0.10483855102028711,0.20588413291893323,0.04053681708478504,4,0.4972472814943476
US30,rsi2,5,200,5,3.0,50,0.72,0.058930605534827075,0.12540427838367157,0.014614823635597428,4,0.33149818766289846
US30,rsi2,5,200,10,2.0,54,0.6666666666666666,0.11465657039025318,0.3083612359010892,-0.008610034934824283,4,0.4466803243931885
US30,rsi2,5,200,10,3.0,50,0.74,0.08615612884461261,0.21347673299872344,0.001275726075205399,4,0.2977868829287923
US30,rsi2,10,100,3,2.0,86,0.686046511627907,0.03597476874371476,0.10114455724183694,-0.029195019754407442,7,0.2938480618946538
US30,rsi2,10,100,3,3.0,80,0.7,0.013240112982401514,0.04574571640342973,-0.020932444460217883,7,0.19589870792976918
US30,rsi2,10,100,5,2.0,84,0.6666666666666666,0.09851641454242681,0.16287253433203647,0.0341602947528171,7,2.657373342835816
US30,rsi2,10,100,5,3.0,78,0.7051282051282052,0.06574831778045392,0.08906424572574037,0.041205235732783986,7,1.823033760143845
US30,rsi2,10,100,10,2.0,84,0.6785714285714286,0.08203905094739727,0.2556689472988039,-0.09159084540400936,7,2.7373642787160795
US30,rsi2,10,100,10,3.0,77,0.7532467532467533,0.06161936432598426,0.16479023724541336,-0.04991671450583099,7,1.7931313614915538
US30,rsi2,10,200,3,2.0,103,0.6990291262135923,0.08028838692730807,0.14795996749072007,0.029821445490187285,8,0.28018807561112113
US30,rsi2,10,200,3,3.0,100,0.72,0.04754825363651758,0.08642827971027765,0.016999661721420395,8,0.1867920504074141
US30,rsi2,10,200,5,2.0,100,0.69,0.1364009894779374,0.21058920808858245,0.08043443859622273,8,2.375347550327988
US30,rsi2,10,200,5,3.0,97,0.7216494845360825,0.09004253620441506,0.13362875083486367,0.05533499492461339,7,1.823033760143845
US30,rsi2,10,200,10,2.0,99,0.7171717171717171,0.14546410156995665,0.30580601604310664,0.02234441724235931,8,2.4125649946540024
US30,rsi2,10,200,10,3.0,94,0.776595744680851,0.11019415269133649,0.19883376051308813,0.038600623296844785,7,1.7931313614915538
US30,rsi2,20,100,3,2.0,165,0.6606060606060606,-0.01929880674761725,0.02514330772382477,-0.05456265844778319,10,0.2708947586372785
US30,rsi2,20,100,3,3.0,152,0.6842105263157895,-0.004737956514889473,0.03132460681824447,-0.03393146016552171,10,0.1805965057581857
US30,rsi2,20,100,5,2.0,155,0.6387096774193548,-0.00872912137355936,0.04214625437922235,-0.046456928111577256,10,1.9866901358456417
US30,rsi2,20,100,5,3.0,140,0.7071428571428572,0.025734493860091977,0.05509250878143915,0.003715982669081608,10,1.2911267572304281
US30,rsi2,20,100,10,2.0,153,0.6209150326797386,-0.02466767312916783,0.1100561546036175,-0.12417959134088428,9,2.232659353367084
US30,rsi2,20,100,10,3.0,136,0.6985294117647058,0.02323019662889399,0.12126834895823094,-0.05188994606501355,9,1.4514025318743526
US30,rsi2,20,200,3,2.0,192,0.6458333333333334,-0.008550414180177423,0.03570818803851361,-0.03883261569822918,12,0.2601000188697555
US30,rsi2,20,200,3,3.0,178,0.6685393258426966,0.008663661175634422,0.04653383548542711,-0.017665126677840495,12,0.17340001257983703
US30,rsi2,20,200,5,2.0,179,0.6312849162011173,-0.008222110575811986,0.083977823529207,-0.0688350302189263,12,1.7079794024722916
US30,rsi2,20,200,5,3.0,160,0.68125,0.029906494224445895,0.09690478364967087,-0.015934440645444876,12,1.11087515720375
US30,rsi2,20,200,10,2.0,175,0.6171428571428571,-0.015650962161939133,0.12230940079181177,-0.10545534936768265,10,2.023290418652322
US30,rsi2,20,200,10,3.0,153,0.673202614379085,0.015872680999553905,0.11918943361972745,-0.05644904583456757,10,1.3155269457682148
US30,rsi2ibs,5,100,3,2.0,25,0.76,0.10467683272510873,0.22466656482689432,-0.04803737176807285,4,0.45654656063010784
US30,rsi2ibs,5,100,3,3.0,24,0.7916666666666666,0.10245978245153127,0.1791501190578853,0.011825748280385599,4,0.30436437375340525
US30,rsi2ibs,5,100,5,2.0,25,0.72,0.10741554048688381,0.1820620722663264,0.01241086367668426,4,0.4972472814943476
US30,rsi2ibs,5,100,5,3.0,24,0.7916666666666666,0.15703752877404073,0.1961367647627217,0.1108293407874177,4,0.33149818766289846
US30,rsi2ibs,5,100,10,2.0,25,0.6,-0.026699771551811913,0.17706603829311973,-0.28603807499081585,4,0.4466803243931885
US30,rsi2ibs,5,100,10,3.0,24,0.7083333333333334,0.06852351370689401,0.21616642577615863,-0.10596356419314593,4,0.2977868829287923
US30,rsi2ibs,5,200,3,2.0,34,0.7058823529411765,0.07549944546700167,0.17298892466140403,0.015148815489514491,4,0.45654656063010784
US30,rsi2ibs,5,200,3,3.0,34,0.7352941176470589,0.06696278085349383,0.15900206495567717,0.009986081171189874,4,0.30436437375340525
US30,rsi2ibs,5,200,5,2.0,34,0.6764705882352942,0.05846036074019517,0.14819856450088081,0.0029081393645326186,4,0.4972472814943476
US30,rsi2ibs,5,200,5,3.0,34,0.7352941176470589,0.09495077964147533,0.19004964469954683,0.03608005365314532,4,0.33149818766289846
US30,rsi2ibs,5,200,10,2.0,34,0.6176470588235294,0.011569762943853975,0.21025446370949633,-0.1114255280063056,4,0.4466803243931885
US30,rsi2ibs,5,200,10,3.0,34,0.7352941176470589,0.08560671718496327,0.2565563711374075,-0.02021925907131174,4,0.2977868829287923
US30,rsi2ibs,10,100,3,2.0,51,0.7450980392156863,0.12340917017397024,0.20356575931500623,0.04633552676912797,7,0.3471790805649913
US30,rsi2ibs,10,100,3,3.0,50,0.76,0.10405855770921513,0.17743338266935882,0.03632795005369793,7,0.2314527203766609
US30,rsi2ibs,10,100,5,2.0,51,0.7254901960784313,0.1618573136322151,0.21893465397911727,0.10697525560634756,6,0.3278708750910239
US30,rsi2ibs,10,100,5,3.0,50,0.78,0.16043345155767963,0.22417936606917618,0.10159106893168285,6,0.21858058339401595
US30,rsi2ibs,10,100,10,2.0,51,0.6862745098039216,0.12458379258260749,0.2894244358974196,-0.03391682598932726,6,0.3828649680006142
US30,rsi2ibs,10,100,10,3.0,49,0.7551020408163265,0.12076922812605698,0.2849285022576508,-0.036823675040273104,6,0.25524331200040945
US30,rsi2ibs,10,200,3,2.0,63,0.7301587301587301,0.12899860244679823,0.21058552957558455,0.06780840710020852,7,0.3471790805649913
US30,rsi2ibs,10,200,3,3.0,63,0.746031746031746,0.09961825852899114,0.18488533145056177,0.03566795383781316,7,0.2314527203766609
US30,rsi2ibs,10,200,5,2.0,63,0.7142857142857143,0.14462129810213112,0.22680365047460654,0.0829845338227746,6,0.3278708750910239
US30,rsi2ibs,10,200,5,3.0,63,0.7619047619047619,0.13519367857007936,0.22776242527930848,0.06576711853815753,6,0.21858058339401595
US30,rsi2ibs,10,200,10,2.0,62,0.7096774193548387,0.1496332535894269,0.2993635743782314,0.0341270061237777,6,0.3828649680006142
US30,rsi2ibs,10,200,10,3.0,61,0.7868852459016393,0.14714764688913057,0.28192048185622715,0.04703068377071597,6,0.25524331200040945
US30,rsi2ibs,20,100,3,2.0,106,0.6981132075471698,0.03872462608775497,0.0911516691343211,0.00565526047376709,10,0.2708947586372785
US30,rsi2ibs,20,100,3,3.0,102,0.7058823529411765,0.04697438273174171,0.08786792564669224,0.023696519841692933,10,0.1805965057581857
US30,rsi2ibs,20,100,5,2.0,103,0.6796116504854369,0.04220868874060033,0.08651171364823515,0.01407978403734012,10,1.9866901358456417
US30,rsi2ibs,20,100,5,3.0,98,0.7448979591836735,0.07885744808970153,0.0919273264191552,0.071268486479051,10,1.2911267572304281
US30,rsi2ibs,20,100,10,2.0,102,0.6470588235294118,0.030017241723689105,0.16938972301435845,-0.05990048814125888,9,2.232659353367084
US30,rsi2ibs,20,100,10,3.0,97,0.711340206185567,0.05212864356422515,0.1572695658136119,-0.01270825848956334,9,1.4514025318743526
US30,rsi2ibs,20,200,3,2.0,128,0.671875,0.03495852571990622,0.048529375476989635,0.02708408203369732,11,0.2669665504373339
US30,rsi2ibs,20,200,3,3.0,123,0.6829268292682927,0.04084200977059257,0.07416481251948323,0.022931003293063842,11,0.177977700291556
US30,rsi2ibs,20,200,5,2.0,125,0.664,0.027733357640523364,0.0748646050686008,0.0002898464798706883,11,1.8267805297176642
US30,rsi2ibs,20,200,5,3.0,117,0.7094017094017094,0.06547788215512469,0.10635552023626832,0.042586404829684274,11,1.1875506561754128
US30,rsi2ibs,20,200,10,2.0,122,0.639344262295082,0.022313890911393845,0.11989205917431413,-0.03471231132018294,10,2.0321618648741646
US30,rsi2ibs,20,200,10,3.0,113,0.6902654867256637,0.045378852800493766,0.12568407673105814,-0.0003505108266331584,10,1.3214412432494433
GER40,rsi2,5,100,3,2.0,26,0.7307692307692307,0.06837773279541881,0.08724962246309785,0.04264333779403834,0,
GER40,rsi2,5,100,3,3.0,25,0.72,0.04880026594641955,0.08861586939315767,-0.0018741384403380588,0,
GER40,rsi2,5,100,5,2.0,26,0.6923076923076923,0.016818196155317475,0.04425060642408173,-0.020589636029361064,0,
GER40,rsi2,5,100,5,3.0,25,0.68,0.04522671047719171,0.06766175263225548,0.016673020461656033,0,
GER40,rsi2,5,100,10,2.0,26,0.6923076923076923,0.08156278554968856,0.00047755342705578795,0.19213355662600595,0,
GER40,rsi2,5,100,10,3.0,25,0.76,0.13468767418081162,0.09113377298714795,0.1901199120636563,0,
GER40,rsi2,5,200,3,2.0,34,0.6764705882352942,0.0524452949064757,0.11099084213933505,0.006225126038428834,0,
GER40,rsi2,5,200,3,3.0,33,0.6666666666666666,0.027770768208691465,0.10557388344761286,-0.02955784301998742,0,
GER40,rsi2,5,200,5,2.0,33,0.696969696969697,0.044368322572821424,0.10005919046125455,0.0033329462339759456,0,
GER40,rsi2,5,200,5,3.0,32,0.6875,0.03844999325674478,0.08154125631508305,0.008966497479987018,0,
GER40,rsi2,5,200,10,2.0,32,0.71875,0.15711375127983004,0.15874743223088564,0.15584311054012012,0,
GER40,rsi2,5,200,10,3.0,31,0.7741935483870968,0.1300575956184391,0.12775430317322117,0.13172108460665202,0,
GER40,rsi2,10,100,3,2.0,72,0.6666666666666666,0.06720798189459089,0.030308118589944567,0.09843094315236856,0,
GER40,rsi2,10,100,3,3.0,70,0.6571428571428571,0.037832462430630064,0.022187304884207844,0.051007331943406654,0,
GER40,rsi2,10,100,5,2.0,71,0.6338028169014085,0.03184370862456503,0.059263388572073764,0.009345509693275788,0,
GER40,rsi2,10,100,5,3.0,69,0.6376811594202898,0.024383177553919107,0.031897985700548956,0.01825267617114212,0,
GER40,rsi2,10,100,10,2.0,69,0.6376811594202898,0.023805179871852544,-0.02002630397234813,0.059562443007911005,0,
GER40,rsi2,10,100,10,3.0,64,0.671875,0.040229564546418316,-0.03390525382321697,0.1016555569098304,0,
GER40,rsi2,10,200,3,2.0,85,0.6588235294117647,0.03571428175391923,0.01323991920678321,0.05144633553691445,0,
GER40,rsi2,10,200,3,3.0,79,0.6455696202531646,0.005398200161441381,0.01186329892116325,0.0012228238791210054,0,
GER40,rsi2,10,200,5,2.0,82,0.6463414634146342,1.702388326462589e-05,0.0028460213971227264,-0.0018882193403540889,0,
GER40,rsi2,10,200,5,3.0,74,0.6351351351351351,-0.03161521415400816,-0.03583118368560328,-0.029048971830428528,0,
GER40,rsi2,10,200,10,2.0,79,0.6582278481012658,0.054739910148101534,0.05028610594872326,0.05777228747533782,0,
GER40,rsi2,10,200,10,3.0,71,0.676056338028169,0.007313927898981579,-0.027364466712286616,0.029895208110970177,0,
GER40,rsi2,20,100,3,2.0,143,0.6643356643356644,0.031338244903129975,-0.04453721158392206,0.08941575480679943,0,
GER40,rsi2,20,100,3,3.0,138,0.6594202898550725,0.01855209433014947,-0.020271805449499913,0.04754715872254587,0,
GER40,rsi2,20,100,5,2.0,133,0.6691729323308271,-0.0023846668006119224,-0.0562545384225149,0.03679342165168115,0,
GER40,rsi2,20,100,5,3.0,128,0.6875,-0.017310375531692658,-0.0769579766531485,0.024840595927469473,0,
GER40,rsi2,20,100,10,2.0,131,0.6641221374045801,-0.023204788933017702,-0.09520928751253993,0.02890372977584707,0,
GER40,rsi2,20,100,10,3.0,124,0.7096774193548387,-0.0014349208765051693,-0.054346096055998785,0.03677870564201799,0,
GER40,rsi2,20,200,3,2.0,156,0.6666666666666666,0.051849750854179796,0.0056411417586534245,0.08755640333708652,0,
GER40,rsi2,20,200,3,3.0,147,0.6598639455782312,0.021683979027234335,-0.0005272429377383807,0.038810704397815685,0,
GER40,rsi2,20,200,5,2.0,146,0.6575342465753424,-0.006546032924990221,-0.06490031092095924,0.036524981786320236,0,
GER40,rsi2,20,200,5,3.0,133,0.6766917293233082,-0.02389887606454352,-0.07490247847725266,0.013194652962881318,0,
GER40,rsi2,20,200,10,2.0,140,0.6928571428571428,0.04705245805214421,-0.017665788234033333,0.09419290905071792,0,
GER40,rsi2,20,200,10,3.0,129,0.7286821705426356,0.02126915579971676,-0.018496089475268766,0.05082440566626006,0,
GER40,rsi2ibs,5,100,3,2.0,19,0.7368421052631579,0.11623588999985646,0.10879192613506343,0.12450696096073753,0,
GER40,rsi2ibs,5,100,3,3.0,19,0.7368421052631579,0.09687912497325198,0.1093661608727362,0.08300464064049169,0,
GER40,rsi2ibs,5,100,5,2.0,19,0.6842105263157895,0.11498291557223081,0.15490924519023377,0.07062032710778304,0,
GER40,rsi2ibs,5,100,5,3.0,19,0.6842105263157895,0.1511140792555324,0.1779718320581553,0.12127213169706251,0,
GER40,rsi2ibs,5,100,10,2.0,19,0.7368421052631579,0.22066927070921052,0.16361086913584838,0.2840674946796129,0,
GER40,rsi2ibs,5,100,10,3.0,19,0.8421052631578947,0.296144973345819,0.29066765747167095,0.3022308798726503,0,
GER40,rsi2ibs,5,200,3,2.0,25,0.72,0.16304420895803765,0.22992759118871056,0.1184552874709224,0,
GER40,rsi2ibs,5,200,3,3.0,25,0.72,0.09659111342666439,0.190123270908501,0.03423634177210667,0,
GER40,rsi2ibs,5,200,5,2.0,25,0.76,0.20893706893800654,0.35416085767103894,0.11212120978265168,0,
GER40,rsi2ibs,5,200,5,3.0,25,0.76,0.1538954423183849,0.27294544856338654,0.07452877148838377,0,
GER40,rsi2ibs,5,200,10,2.0,25,0.8,0.35939575796976625,0.35744274869119974,0.3606977641554772,0,
GER40,rsi2ibs,5,200,10,3.0,25,0.88,0.28234391608679216,0.3106955057966481,0.26344285628022157,0,
GER40,rsi2ibs,10,100,3,2.0,52,0.6538461538461539,0.0516034130141626,0.03971642872738939,0.06444135604387764,0,
GER40,rsi2ibs,10,100,3,3.0,52,0.6538461538461539,0.02730681222863108,0.027775721663701784,0.026800390038754715,0,
GER40,rsi2ibs,10,100,5,2.0,51,0.6078431372549019,0.027496172335856963,0.06923876170057904,-0.015916120603453966,0,
GER40,rsi2ibs,10,100,5,3.0,51,0.6274509803921569,0.033552862606387734,0.03563958517460371,0.03138267113544314,0,
GER40,rsi2ibs,10,100,10,2.0,49,0.5918367346938775,-0.016809139329359006,-0.0478925532479294,0.0183286329264162,0,
GER40,rsi2ibs,10,100,10,3.0,48,0.6666666666666666,0.04209126842197446,-0.047520050581670005,0.13949487603463148,0,
GER40,rsi2ibs,10,200,3,2.0,64,0.671875,0.04522654732331334,0.07834152154805891,0.019470456259622307,0,
GER40,rsi2ibs,10,200,3,3.0,61,0.6721311475409836,0.0046268367896623004,0.05629716202792717,-0.03640548031131275,0,
GER40,rsi2ibs,10,200,5,2.0,62,0.6290322580645161,-0.008642616834275307,0.053628946599408436,-0.05361652375860247,0,
GER40,rsi2ibs,10,200,5,3.0,55,0.6363636363636364,-0.03621708687198069,-0.025250016955731727,-0.04409966837428464,0,
GER40,rsi2ibs,10,200,10,2.0,60,0.6166666666666667,0.025162470006907193,0.047875132204157914,0.006579382754611162,0,
GER40,rsi2ibs,10,200,10,3.0,54,0.6666666666666666,-0.007379126479741497,-0.04868761116542267,0.025667661268803394,0,
GER40,rsi2ibs,20,100,3,2.0,88,0.625,0.026633831536424613,-0.045780563912834596,0.08697916107747396,0,
GER40,rsi2ibs,20,100,3,3.0,85,0.6235294117647059,0.013626229576166831,-0.01642863385543679,0.037925906393208066,0,
GER40,rsi2ibs,20,100,5,2.0,83,0.6144578313253012,0.004969523204873495,-0.004294444554236293,0.012420975532853103,0,
GER40,rsi2ibs,20,100,5,3.0,81,0.6419753086419753,0.00834125138989849,-0.011616083514400152,0.024307119313337396,0,
GER40,rsi2ibs,20,100,10,2.0,82,0.6341463414634146,0.009403888397983355,-0.007410740470923374,0.02392561333022097,0,
GER40,rsi2ibs,20,100,10,3.0,79,0.6835443037974683,0.028462983862823657,-0.020544835593955264,0.07163653909855745,0,
GER40,rsi2ibs,20,200,3,2.0,100,0.64,0.054735156015337315,0.02366602402922712,0.07817327312766605,0,
GER40,rsi2ibs,20,200,3,3.0,93,0.6344086021505376,0.019739489153437973,0.018752025053076382,0.020484745078239178,0,
GER40,rsi2ibs,20,200,5,2.0,94,0.6276595744680851,0.006119159880353854,0.00926750325959659,0.0038866982114362705,0,
GER40,rsi2ibs,20,200,5,3.0,83,0.6385542168674698,-0.02330883999235534,-0.05214224223848314,-0.0033019894542258305,0,
GER40,rsi2ibs,20,200,10,2.0,91,0.6593406593406593,0.0772012239822147,0.075398534578264,0.07855324103517772,0,
GER40,rsi2ibs,20,200,10,3.0,82,0.6951219512195121,0.030307133053699406,-0.011729716126477933,0.06320553675992514,0,
UK100,rsi2,5,100,3,2.0,31,0.8064516129032258,0.12319646414405469,0.06954554718020801,0.1451445665383556,0,
UK100,rsi2,5,100,3,3.0,31,0.8064516129032258,0.10846419019262098,0.1055091065826576,0.10967308803306053,0,
UK100,rsi2,5,100,5,2.0,31,0.7096774193548387,0.019340563925996184,-0.13152106196105567,0.08105668360706285,0,
UK100,rsi2,5,100,5,3.0,31,0.7096774193548387,0.06804695893900524,0.086694719277934,0.06041832970944347,0,
UK100,rsi2,5,100,10,2.0,30,0.6,-0.11487459912605662,0.017343159995992636,-0.17153935303550633,0,
UK100,rsi2,5,100,10,3.0,29,0.7586206896551724,0.06335223585506668,0.3482415443302945,-0.0648479529587859,0,
UK100,rsi2,5,200,3,2.0,43,0.7674418604651163,0.08570514000246722,0.05203110107394584,0.10772278084034657,0,
UK100,rsi2,5,200,3,3.0,41,0.7560975609756098,0.06413466707348549,0.0627044345761878,0.065050015871756,0,
UK100,rsi2,5,200,5,2.0,43,0.6511627906976745,-0.023307617784236262,0.03294288939058597,-0.06008679555238927,0,
UK100,rsi2,5,200,5,3.0,41,0.6585365853658537,0.03750131173852619,0.11400050353620807,-0.011458171011990204,0,
UK100,rsi2,5,200,10,2.0,42,0.5714285714285714,-0.09485756748873812,0.09472888589941607,-0.22377635579268293,0,
UK100,rsi2,5,200,10,3.0,38,0.7105263157894737,0.07267408736174899,0.26159520889155197,-0.0647230919326532,0,
UK100,rsi2,10,100,3,2.0,65,0.5692307692307692,-0.10976876998449059,-0.06385185442262903,-0.1516341929967761,0,
UK100,rsi2,10,100,3,3.0,61,0.5573770491803278,-0.033045512363288954,-0.0166893261955424,-0.048874079622398536,0,
UK100,rsi2,10,100,5,2.0,61,0.5081967213114754,-0.19383534587457107,-0.1613037567361532,-0.22143790635565289,0,
UK100,rsi2,10,100,5,3.0,56,0.5535714285714286,-0.056761544195288394,-0.0390625274397616,-0.07323993910560646,0,
UK100,rsi2,10,100,10,2.0,60,0.4666666666666667,-0.25909317514554636,-0.18728523254761267,-0.3178451281802195,0,
UK100,rsi2,10,100,10,3.0,51,0.5882352941176471,-0.11184665330272583,-0.0332971274824152,-0.18737504351456294,0,
UK100,rsi2,10,200,3,2.0,76,0.5921052631578947,-0.08863294176773219,-0.05066105907087854,-0.11937208490328038,0,
UK100,rsi2,10,200,3,3.0,68,0.5588235294117647,-0.036923529211795154,-0.007046223525954377,-0.06195586640804015,0,
UK100,rsi2,10,200,5,2.0,71,0.5492957746478874,-0.12347934217453951,-0.06005368781839425,-0.1726342243005521,0,
UK100,rsi2,10,200,5,3.0,62,0.5645161290322581,-0.026524199574329204,0.01847812888663471,-0.06358494065982889,0,
UK100,rsi2,10,200,10,2.0,70,0.5142857142857142,-0.16270387539289843,-0.029032643205705356,-0.26295729953329333,0,
UK100,rsi2,10,200,10,3.0,58,0.603448275862069,-0.06302225374037038,0.06381635983722103,-0.17349459459827252,0,
UK100,rsi2,20,100,3,2.0,129,0.5658914728682171,-0.05564059811552487,-0.0019145633941417771,-0.10235888917759714,0,
UK100,rsi2,20,100,3,3.0,124,0.5564516129032258,-0.033263947524566156,0.0048931696497297545,-0.06679595958682619,0,
UK100,rsi2,20,100,5,2.0,123,0.5691056910569106,-0.10062972819097127,-0.034560524038350256,-0.15585174957226644,0,
UK100,rsi2,20,100,5,3.0,114,0.5964912280701754,-0.0450946672951759,-0.00820708440417426,-0.07603264004246764,0,
UK100,rsi2,20,100,10,2.0,119,0.5798319327731093,-0.10831223810805757,-0.04575243444468945,-0.15523209085558357,0,
UK100,rsi2,20,100,10,3.0,106,0.6415094339622641,-0.07455854206723218,-0.01558149366673039,-0.12154025858966584,0,
UK100,rsi2,20,200,3,2.0,140,0.5642857142857143,-0.06263019980542776,-0.01593166759961469,-0.09868856011624547,0,
UK100,rsi2,20,200,3,3.0,130,0.5461538461538461,-0.04292178149086152,0.0059109352451833875,-0.08105143702448563,0,
UK100,rsi2,20,200,5,2.0,132,0.553030303030303,-0.10632255653796663,-0.010399684127999295,-0.17922393956954177,0,
UK100,rsi2,20,200,5,3.0,121,0.5867768595041323,-0.0629293112788421,0.004205160887415243,-0.11525470870254267,0,
UK100,rsi2,20,200,10,2.0,129,0.5658914728682171,-0.1110849736055848,-0.017530114074555667,-0.1763271782785393,0,
UK100,rsi2,20,200,10,3.0,116,0.6379310344827587,-0.06970343383575477,0.014386619397480165,-0.12906111847097948,0,
UK100,rsi2ibs,5,100,3,2.0,16,0.75,0.07462228247870437,-0.017703856291409015,0.10539766206874217,0,
UK100,rsi2ibs,5,100,3,3.0,16,0.75,0.0938902602221375,0.12127459817972822,0.08476214756960727,0,
UK100,rsi2ibs,5,100,5,2.0,16,0.6875,-0.014099465431401212,-0.216159021840719,0.053253720038371394,0,
UK100,rsi2ibs,5,100,5,3.0,16,0.6875,0.07440287265178017,0.09435211078554323,0.06775312660719245,0,
UK100,rsi2ibs,5,100,10,2.0,16,0.5625,-0.10549018242583039,-0.1360782258729759,-0.09529416794344858,0,
UK100,rsi2ibs,5,100,10,3.0,16,0.75,0.11664209068208725,0.43154110378780297,0.011675752980182039,0,
UK100,rsi2ibs,5,200,3,2.0,23,0.782608695652174,0.10035181965521664,0.07664814328062063,0.1107221780691024,0,
UK100,rsi2ibs,5,200,3,3.0,21,0.7619047619047619,0.07625295641790791,0.12854607939286358,0.055335707227925704,0,
UK100,rsi2ibs,5,200,5,2.0,23,0.6956521739130435,0.035843174325965836,0.07401414023224352,0.01914337674196935,0,
UK100,rsi2ibs,5,200,5,3.0,21,0.7142857142857143,0.10072378647398939,0.19675138122547361,0.06231274857339572,0,
UK100,rsi2ibs,5,200,10,2.0,23,0.6521739130434783,0.04345710499613053,0.1844837153043688,-0.018242037013723705,0,
UK100,rsi2ibs,5,200,10,3.0,20,0.8,0.13735292218543987,0.39328458542033573,0.02766792365619872,0,
UK100,rsi2ibs,10,100,3,2.0,41,0.4878048780487805,-0.19585794220224498,-0.128914522420987,-0.2482484446397512,0,
UK100,rsi2ibs,10,100,3,3.0,41,0.4878048780487805,-0.06429913471145851,-0.060497020499579376,-0.06727470235553785,0,
UK100,rsi2ibs,10,100,5,2.0,39,0.4358974358974359,-0.31418417341209426,-0.27099889779420366,-0.3475546136622824,0,
UK100,rsi2ibs,10,100,5,3.0,39,0.48717948717948717,-0.07378571045225775,-0.08681781934950934,-0.0637154444861997,0,
UK100,rsi2ibs,10,100,10,2.0,38,0.39473684210526316,-0.37621417326209056,-0.23805773432661378,-0.4880551000193811,0,
UK100,rsi2ibs,10,100,10,3.0,37,0.5945945945945946,-0.11964432247246458,-0.05963856913027978,-0.17064921281332168,0,
UK100,rsi2ibs,10,200,3,2.0,48,0.5,-0.18458240929358605,-0.13540931030316591,-0.21679926725282678,0,
UK100,rsi2ibs,10,200,3,3.0,46,0.4782608695652174,-0.07333552766063613,-0.05791927216087441,-0.08324597762476868,0,
UK100,rsi2ibs,10,200,5,2.0,46,0.4782608695652174,-0.2348373118149633,-0.13674374261852287,-0.2978974634412465,0,
UK100,rsi2ibs,10,200,5,3.0,44,0.5227272727272727,-0.030274625050407,-0.008216145041607078,-0.04416329764854029,0,
UK100,rsi2ibs,10,200,10,2.0,46,0.45652173913043476,-0.2650893231007601,-0.05606107934001874,-0.3994646226612368,0,
UK100,rsi2ibs,10,200,10,3.0,42,0.6428571428571429,-0.029963114217441387,0.044254950507047454,-0.08043139823009382,0,
UK100,rsi2ibs,20,100,3,2.0,79,0.5189873417721519,-0.11379453858940755,-0.0957826796755817,-0.1254271974712534,0,
UK100,rsi2ibs,20,100,3,3.0,78,0.5128205128205128,-0.052918123821145344,-0.05009181575407392,-0.05478228446112861,0,
UK100,rsi2ibs,20,100,5,2.0,77,0.5064935064935064,-0.16600073498030896,-0.1642661335437471,-0.167107927386625,0,
UK100,rsi2ibs,20,100,5,3.0,75,0.5466666666666666,-0.053537262671136135,-0.052253205478497024,-0.05439330079956222,0,
UK100,rsi2ibs,20,100,10,2.0,74,0.5135135135135135,-0.19737962907614107,-0.13887856291937345,-0.23508031615494693,0,
UK100,rsi2ibs,20,100,10,3.0,72,0.6111111111111112,-0.08645354963307354,-0.024905114224133006,-0.12796295956003345,0,
UK100,rsi2ibs,20,200,3,2.0,89,0.5168539325842697,-0.13361499843590474,-0.1048779053891616,-0.15224089207731234,0,
UK100,rsi2ibs,20,200,3,3.0,86,0.5,-0.07073285251285856,-0.044443210689628344,-0.08792223370497067,0,
UK100,rsi2ibs,20,200,5,2.0,87,0.5057471264367817,-0.16257904052734162,-0.08448014730945637,-0.2126802173086265,0,
UK100,rsi2ibs,20,200,5,3.0,83,0.5301204819277109,-0.08558779007160824,-0.020648472887486245,-0.1284477394131288,0,
UK100,rsi2ibs,20,200,10,2.0,85,0.5294117647058824,-0.17389459434366758,-0.040621618575252594,-0.25847167511977703,0,
UK100,rsi2ibs,20,200,10,3.0,80,0.6,-0.1037686691659071,0.013122545407831233,-0.18169614554839933,0,
