weeks,thresh,n,avgR,07-11,12-15,16-19,20-23,24-26,ALL
2,0.0,175,0.922,1.9/3.5,1.1/6.0,5.8/4.0,5.6/5.4,12.6/4.9,4.8/6.0
2,0.02,245,0.655,1.7/4.7,2.2/7.1,4.8/4.5,6.3/5.7,11.3/4.9,4.7/7.1
2,0.04,299,0.575,2.1/6.2,3.8/5.7,5.4/4.5,6.0/8.5,10.0/5.9,5.0/8.5
4,0.0,193,0.533,0.2/6.1,4.2/5.1,2.0/5.4,1.7/7.5,10.1/4.5,3.0/7.5
4,0.02,236,0.682,0.2/6.8,6.7/5.1,3.5/6.0,5.5/9.3,10.6/4.2,4.7/9.3
4,0.04,276,0.626,1.3/8.6,6.3/5.1,4.0/5.5,5.7/7.9,10.5/5.0,5.1/10.1
8,0.0,154,0.373,-0.6/7.5,-0.4/8.4,3.2/6.2,2.2/6.7,4.9/5.7,1.6/13.2
8,0.02,198,0.392,0.0/7.8,0.5/8.0,3.2/6.2,3.9/7.8,4.2/4.8,2.2/11.1
8,0.04,239,0.399,1.4/7.4,0.6/8.3,2.9/6.3,3.2/8.7,6.9/5.0,2.7/10.3
13,0.0,163,0.566,0.6/7.1,0.6/5.9,3.8/5.4,3.6/5.2,6.0/3.8,2.7/9.6
13,0.02,196,0.433,-0.1/7.4,0.4/5.9,4.3/5.7,2.8/7.4,6.3/3.8,2.4/10.4
13,0.04,231,0.463,0.7/7.9,-0.0/6.5,3.8/7.1,3.1/6.2,10.7/4.0,3.1/12.1
