module,feature,median,12-15,16-19,20-23,24-26,consistent,dev_diff
GOLD_BO,h4_macd_hist,0.021807737032365247,-1.6403405650759137,0.6824697843812564,0.4356759571424257,-1.082938676677637,False,-0.08898646103021762
GOLD_BO,h4_macd_line,0.38267129267193617,-1.8105158612448697,0.26192656050046403,0.5479775988369255,1.2821136590401192,False,-0.16977535975946884
GOLD_BO,h4_supertrend,1.0,,,,,False,
GOLD_BO,h4_psar,1.0,,,,,False,
GOLD_BO,h4_ichi_cloud,1.0,,,,,False,
GOLD_BO,h4_ichi_tk,0.5,-1.4898800657833515,-0.24438945467801854,0.7964933501752769,0.5036406324276989,False,-0.12057527575294469
GOLD_BO,h4_keltner_pos,0.8791202439480588,-1.3761544281516924,0.06467879026584522,0.9448578221543079,-1.572012410115275,False,0.07546749322841473
GOLD_BO,h4_stoch,83.4341399956115,-1.4353476926534516,0.25048722881328833,0.9649320165942346,-1.1443059256522385,False,0.12024853944789732
GOLD_BO,h4_cci,115.34287178124157,-1.6459392098937715,0.5557056281594526,0.7202180525435633,-0.44376631254593035,False,0.017418697574441366
GOLD_BO,h4_bb_pctb,0.9104846735139929,-1.2594111709262334,0.26656200354521,0.7690874289175272,-0.4308814958947049,False,0.08769797541806684
GOLD_BO,h4_bb_width_rank,0.608,0.77943639403469,-0.18250024692119649,0.28481837386433084,-0.10276661606842075,False,0.34021064560962405
GOLD_BO,h4_rsi14,65.72762583039784,-1.5030167116330526,-0.07273069042713287,0.7939278438052259,0.23963577523277635,False,-0.040153821134025214
GOLD_BO,h4_adx,26.411709780315817,0.6146601417189163,0.7599919650575755,0.5507399885530737,-0.06842188378905067,True,0.6333169645202789
GOLD_BO,h4_vol_ratio,1.425054600511185,2.133974852129206,-0.7405884283745612,0.25658339847024536,0.4846137290520506,False,0.58473934206013
GOLD_BO,h4_vol_ratio_bar,1.5644568984959766,1.3069851762214713,-0.5952686507786764,0.22563899444366026,-0.45044550337663064,False,0.3385499536605561
GOLD_BO,d1_macd_hist,0.017111163654208603,-1.2510817034980355,0.643462989860883,0.5957583581102939,0.7517364809293752,False,0.06756743248227398
GOLD_BO,d1_macd_line,0.02202220051182023,-0.7449807335878684,-0.7415308220014986,0.712670871014671,1.0285008942213203,False,-0.06560583422133454
GOLD_BO,d1_supertrend,1.0,,,,,False,
GOLD_BO,d1_psar,1.0,,,,,False,
GOLD_BO,d1_ichi_cloud,0.0,-0.7705000610522615,-0.9665813379495528,0.6955234645261443,1.334682353795717,False,-0.1342980093910192
GOLD_BO,d1_ichi_tk,1.0,,,,,False,
GOLD_BO,d1_keltner_pos,0.15264323004321,-1.4916342441910142,0.23695185988836176,0.5689175643178912,1.3343497165570348,False,-0.09610276690261643
GOLD_BO,d1_stoch,64.80076772006018,-1.4916342441910142,-0.11458422660726009,0.5710276627099585,1.3162721994403521,False,-0.17717045466984666
GOLD_BO,d1_cci,28.479185209641642,-1.3779217576601068,-0.34473959701531454,0.37394348164515007,1.425869139972776,False,-0.24631744306941838
GOLD_BO,d1_bb_pctb,0.6505220062611581,-1.4353701797785936,0.3004272438335428,0.5689175643178912,1.40125233204011,False,-0.053289615881811025
GOLD_BO,d1_bb_width_rank,0.442,-0.07307099561606795,-0.31156634255707083,-0.9274347232018453,-1.5394703197355097,True,-0.5011012616725263
GOLD_BO,d1_rsi14,52.21983624013642,-1.4359186169110207,0.44084287631622027,0.5625811284162561,1.3343497165570348,False,-0.024136117103120414
GOLD_BO,d1_adx,23.747911825898278,-0.1344480704399087,-0.271735419319894,0.18031003175860738,-0.2895020230505744,False,-0.06251831801327573
GOLD_BO,d1_vol_ratio,1.0417637740059154,0.2537758980038132,-1.0225043242916954,-1.0455688943734198,0.43042358956983684,False,-0.6184068624394016
GOLD_BO,d1_vol_ratio_bar,1.0058476968141492,-0.8244525262894494,-1.0849897492525697,-0.6202996465486649,-0.5536618080653934,True,-0.8029619826511089
GOLD_BO,dxy_ret5,0.00047382572247456345,-0.07952458788590172,1.947548683492505,0.354538628984522,0.9296652292702424,False,0.5310365639883848
GOLD_BO,dxy_ret20,0.0001407748818987864,0.14918769611061378,0.6724651295474293,-0.2544643215376594,0.6456255715735959,False,0.007764494547684353
GOLD_BO,dxy_vs_sma50,0.0022285206705728866,1.4187735703973976,0.19297787931892418,-0.18903799867698448,0.25690235527200633,False,0.3287889302075651
GOLD_BO,dxy_vs_sma200,0.006423061190150903,0.9845575620436963,0.72981350062205,0.07315927989769272,-1.3277376284485038,True,0.47141411652641596
GOLD_BO,vix,16.48,-0.8102561720200432,0.7934013380246362,-0.7474450096128141,0.5963856518386182,False,-0.49142323202424787
GOLD_BO,vix_vs_sma10,0.00010463698286033996,-0.8522997678056441,0.257092652640179,-0.9271793664296486,-0.3546354175045099,False,-0.5760983990819591
GOLD_BO,vix_ret5,-0.002092304094031827,-1.2299771874978689,0.995030376327674,-0.9290670535503539,-0.36854123379024584,False,-0.523832210351392
GOLD_BO,vix_rank250,0.468,-1.137883941679241,0.1161088692768466,-0.506163708598434,-1.040806134683885,False,-0.5371897785029759
GOLD_BO,wti_ret20,0.007587562029448769,-0.3927294454303198,-0.8087667275812769,-0.20471402165050695,-0.4129498445261585,True,-0.45816775153180606
GOLD_BO,wti_vs_sma100,0.024337585773004045,-0.6154374491320742,-0.23421632039125562,0.04938831316887424,-0.9803206342592017,False,-0.2899776551627088
GOLD_BO,spx_vs_sma200,0.049776356169095703,-0.6290261030521648,0.5271050720542392,0.7261981554783968,-0.17492068858368892,False,0.36626046292270065
GOLD_BO,spx_ret20,0.008661145666793546,-0.47190996545033653,0.6818736862373003,1.0140816049414405,-0.6927250639750888,False,0.5892683376951018
GOLD_BO,spx_rvol20,0.13047990165323659,0.5083526049547744,0.7237734524614396,-0.3148506039295531,-0.010104497180663086,False,-0.06499644564714052
GOLD_BO,h4_macd_hist_dir,0.19135728664680696,0.9313413049480417,0.5202686651987711,0.8403836661195249,-1.5349376082715822,True,0.7982519775852965
GOLD_BO,h4_macd_line_dir,0.7790144468802551,0.46708065645173674,1.3979669464009596,0.47862716182798437,-0.599125346755788,True,0.6940727265677561
GOLD_BO,h4_supertrend_dir,1.0,,,,,False,
GOLD_BO,h4_psar_dir,1.0,,,,,False,
GOLD_BO,h4_ichi_tk_dir,1.0,,,,,False,
GOLD_BO,h4_keltner_pos_dir,1.2081373034254859,0.6869933967310555,0.17765694445054103,1.0175559986277258,-1.710494722840839,True,0.6827917476664681
GOLD_BO,h4_stoch_dir,43.95722686378644,0.21679017852584342,0.4772097497146678,0.3992947756754558,-0.659667125160291,True,0.33015174165277783
GOLD_BO,h4_cci_dir,191.09039911253217,-0.2561287142577052,-0.46139135576133006,0.10114784721336817,-1.4973619729420828,False,-0.16099930454970335
GOLD_BO,h4_bb_pctb_dir,0.6068900526628871,0.16072654183718588,-0.35015902901828033,0.4927705475073857,-1.421798880329753,False,0.16940198897943048
GOLD_BO,h4_rsi14_dir,21.45762729633224,0.4840987227674861,0.09845985322573247,1.0482605238765719,-1.5012491247534583,True,0.5920885006612242
GOLD_BO,d1_macd_hist_dir,0.14427868663053145,-1.1424705898327983,1.0201168949100767,-0.793536101820266,0.906385489234728,False,-0.4514329684256315
GOLD_BO,d1_macd_line_dir,0.5357446747145793,0.3281561453271963,-0.4050871279610596,0.12453006433271357,0.1582689888872778,False,0.026386703401085898
GOLD_BO,d1_supertrend_dir,1.0,,,,,False,
GOLD_BO,d1_psar_dir,1.0,,,,,False,
GOLD_BO,d1_ichi_cloud_dir,1.0,,,,,False,
GOLD_BO,d1_ichi_tk_dir,1.0,,,,,False,
GOLD_BO,d1_keltner_pos_dir,0.7056491333671826,-0.7115829769416577,-0.9849498086740807,-0.26393773807669013,-0.20099481525467444,True,-0.6392783121116383
GOLD_BO,d1_stoch_dir,40.94006762208197,0.2649912624912025,1.378659720458583,-0.7652178312827597,-1.3396948117480325,False,0.11327062430817486
GOLD_BO,d1_cci_dir,114.5360477649424,0.2379311182294797,0.32607651057720843,-0.38089725661685947,0.5872336388615063,False,-0.04522794369496547
GOLD_BO,d1_bb_pctb_dir,0.374574379551823,-0.11226588352662875,0.20878716610475612,-0.30387053278375753,0.09592649883302906,False,-0.1639120981436042
GOLD_BO,d1_rsi14_dir,12.729935088941996,-0.5638645039106818,-0.7873477881454388,-0.48795186658476525,0.15821668660507393,True,-0.6204404664489909
GOLD_BO,dxy_ret5_dir,-0.0032229101837137897,-0.543614698425614,-0.26879818355894647,-0.204758124226013,-0.05223797735221636,True,-0.35640565093694976
GOLD_BO,dxy_ret20_dir,-0.005773204862094039,0.14956709515303673,0.8788751867868572,0.2827489748797722,-0.3307296310750182,True,0.4139277977369712
GOLD_BO,dxy_vs_sma50_dir,-0.007902264863284492,0.07733597064406672,0.9326771488514721,0.3362451046305981,0.2279996811052023,True,0.4427890204968621
GOLD_BO,dxy_vs_sma200_dir,-0.01484095590043949,-0.3288940374057313,1.204354191369239,0.2946148256834903,-1.1758792758904164,False,0.30727035293629684
GOLD_BO,wti_ret20_dir,0.022994819098830332,-0.6715304150226267,-0.1377593130415592,0.1495036170507036,-0.32865794415494765,False,-0.1482416844367337
GOLD_BO,wti_vs_sma100_dir,0.030762667320554438,-0.5295590652690165,-0.18429259689303834,-0.513038649267448,-0.8862245444453057,True,-0.41920019992601576
GOLD_BO,spx_vs_sma200_dir,0.02562762161245946,-1.4322039960759794,-0.7234211110896989,-0.1043819328983043,-0.09905090370343383,True,-0.42591899270259675
GOLD_BO,spx_ret20_dir,-0.0001858263759534351,-1.0895925223413019,-0.5117439385725279,0.013792192988475088,-0.17765712350123652,False,-0.3398208896444088
GOLD_ASIA,h4_macd_hist,0.002727913223266725,-0.12099359676274167,-0.16166424503722557,-0.10513729815490636,0.058537873702196444,True,-0.12976374614859
GOLD_ASIA,h4_macd_line,0.0445912324643615,-0.11214015958485503,-0.008714453068391637,-0.13331925222816754,0.12884190063075732,True,-0.08235349128650617
GOLD_ASIA,h4_supertrend,1.0,,,,,False,
GOLD_ASIA,h4_psar,1.0,,,,,False,
GOLD_ASIA,h4_ichi_cloud,0.0,-0.036740009791976225,-0.07306582377413012,-0.06580732824068579,0.0638251742951041,True,-0.06026315884611513
GOLD_ASIA,h4_ichi_tk,1.0,,,,,False,
GOLD_ASIA,h4_keltner_pos,0.02724235011732925,-0.13563517944504339,-0.037041797952518114,-0.06302404919454864,0.08106927943307699,True,-0.07414992386374204
GOLD_ASIA,h4_stoch,51.56766649505872,-0.2213663342020187,-0.07291738898709069,-0.027362162252335447,0.020638880854891434,True,-0.09854226302263205
GOLD_ASIA,h4_cci,5.406663057115181,-0.1265169127454962,-0.11834894283869793,-0.07306257394226058,0.06922561722445354,True,-0.10396081860649031
GOLD_ASIA,h4_bb_pctb,0.5068286475736774,-0.12699372410056017,-0.08453544905914001,-0.05202396829069427,0.03900235047643327,True,-0.08453890222302052
GOLD_ASIA,h4_bb_width_rank,0.496,-0.037289869689706226,0.028742106236107387,-0.0036327164340633974,-0.014549043805426376,False,-0.0018589431501766854
GOLD_ASIA,h4_rsi14,50.64548015993523,-0.12543567672010483,-0.05921058030216739,-0.09747036458977479,0.16271530703725234,True,-0.09163180676786946
GOLD_ASIA,h4_adx,25.08160329667856,-0.05968559431753547,-0.006687524547616584,-0.012164324804962379,0.05103388598182,True,-0.023167422724304963
GOLD_ASIA,h4_vol_ratio,0.7804948961352427,0.04384228917550141,-0.03118185442109837,-0.00705533911171384,-0.15270347879031754,False,-0.0007429790379746351
GOLD_ASIA,h4_vol_ratio_bar,0.8347512118084228,-0.03741680362755492,-0.014133632389158803,-0.04072675912389725,0.005929225294565771,True,-0.02956569966533438
GOLD_ASIA,d1_macd_hist,0.01434296687486952,-0.0996619238174114,-0.07714636577259956,0.044692023024478424,0.10526976813472386,False,-0.04007853421693287
GOLD_ASIA,d1_macd_line,-0.01588789476972138,-0.048148916332072356,0.06337350160199741,0.10835409661143637,-0.034149582946387064,False,0.046991209206148896
GOLD_ASIA,d1_supertrend,1.0,,,,,False,
GOLD_ASIA,d1_psar,1.0,,,,,False,
GOLD_ASIA,d1_ichi_cloud,0.0,0.0472243083683889,0.03589557368574135,0.03628774787770136,-0.043761848865903036,True,0.036511433025027545
GOLD_ASIA,d1_ichi_tk,1.0,,,,,False,
GOLD_ASIA,d1_keltner_pos,0.02795354336116053,-0.12672107376280772,-0.009345186891169845,0.013550834864941498,-0.11263621197620347,False,-0.03410813590320759
GOLD_ASIA,d1_stoch,53.294449760364984,-0.12302390689535563,-0.061715880743219334,-0.07730200274827255,0.11076443620583946,True,-0.08461277078753728
GOLD_ASIA,d1_cci,6.611707143357346,-0.13568011302163005,-0.010957446440292604,-0.005568822288160288,-0.04365796570534365,True,-0.04424218563385167
GOLD_ASIA,d1_bb_pctb,0.5274936846440492,-0.10984885239588726,-0.015899980083875553,-0.02070588617066805,-0.04356003106296777,True,-0.04435693363026494
GOLD_ASIA,d1_bb_width_rank,0.462,-0.032050756648347924,-0.010508811171328465,0.053667075656009776,-0.09591572936062523,False,0.00589132768928536
GOLD_ASIA,d1_rsi14,49.946224201087844,-0.10437421107160175,-0.020882848749706133,-0.018448628383573744,-0.07351711892839387,True,-0.04309403942263611
GOLD_ASIA,d1_adx,24.03017017062354,-0.04124273716598125,0.0041024973357567315,0.023269645054647205,0.10385701327692529,False,-0.002081102036185105
GOLD_ASIA,d1_vol_ratio,0.9976601163448425,-0.037319376769713884,0.08622376591204473,-0.05222630774798309,-0.015537175218158089,False,0.0016523382482735646
GOLD_ASIA,d1_vol_ratio_bar,0.9773350351742172,-0.05202229366444658,-0.034368678583187304,-0.017239334291051622,-0.08011211679997016,True,-0.031914407756866284
GOLD_ASIA,dxy_ret5,0.00028537573434395114,0.1279026209417218,0.21197215396785743,0.13235875147192475,0.030292071057663156,True,0.15932069765260765
GOLD_ASIA,dxy_ret20,0.0023155743450712363,-0.006484023155413979,-0.01612408881011964,-0.12874408928528747,0.026752478249331385,True,-0.05343973834878381
GOLD_ASIA,dxy_vs_sma50,0.002239274527324975,-0.0531946090670021,0.026986761295021193,-0.1649244372369399,0.036689115167750905,False,-0.06400147223389559
GOLD_ASIA,dxy_vs_sma200,0.009106340598190932,-0.11056761760273053,0.023305608934980994,-0.029176053766523203,0.05047760037850857,False,-0.032283466815562226
GOLD_ASIA,vix,16.244999999999997,-0.20429158716473528,0.08917478492067195,-0.1035607015164095,0.031062617041545074,False,-0.04987761567713356
GOLD_ASIA,vix_vs_sma10,-0.0060489286020803945,0.02754321621437656,0.1633008321250463,-0.009212351163559417,-0.06360079219677085,False,0.06309656722094864
GOLD_ASIA,vix_ret5,-0.007467524238007728,0.04350429737338031,0.08811869737361794,0.0495418330063231,0.013566627825812638,True,0.061559462156662935
GOLD_ASIA,vix_rank250,0.422,0.0020009313573531723,0.06832500483495393,-0.005859768245900045,0.04609032960085717,False,0.02273286132242136
GOLD_ASIA,wti_ret20,0.008806757896741568,-0.0016534895921201526,-0.0011688738359345516,0.04979165388992485,-0.06310368150541915,False,0.01653601893161323
GOLD_ASIA,wti_vs_sma100,0.01653981187964737,-0.009475267179634407,-0.01527479885303136,0.18373825795594642,0.022589688245833878,False,0.056432931657234606
GOLD_ASIA,spx_vs_sma200,0.045973594106297755,0.12258054050462382,-0.159800803288075,0.046652302970226184,0.16282491577331504,False,-0.028148339007189247
GOLD_ASIA,spx_ret20,0.011738115820367545,0.03364769413818666,0.060740146555516766,0.16616860892511587,0.012250944219332788,True,0.09759754508460133
GOLD_ASIA,spx_rvol20,0.12616454719712175,-0.06208111645753346,-0.014007311851502474,-0.0012577430729716899,-0.015702021011556405,True,-0.0181826960780544
GOLD_ASIA,h4_macd_hist_dir,0.036131260400748516,0.12565826629240065,-0.04034669125946087,0.014850307442716405,0.07508023526165103,False,0.026594295727590235
GOLD_ASIA,h4_macd_line_dir,0.4325032445095306,0.16498886562302556,-0.02128741691965344,-0.004037330684234813,0.09337207787925755,False,0.03602022016953087
GOLD_ASIA,h4_supertrend_dir,1.0,,,,,False,
GOLD_ASIA,h4_psar_dir,1.0,,,,,False,
GOLD_ASIA,h4_ichi_cloud_dir,1.0,,,,,False,
GOLD_ASIA,h4_ichi_tk_dir,1.0,,,,,False,
GOLD_ASIA,h4_keltner_pos_dir,0.38541487262694923,0.24494520842304482,0.024031886695771686,0.0010822055797488211,0.06476153710325529,True,0.07806471881172654
GOLD_ASIA,h4_stoch_dir,17.948735103118068,0.2075648656062717,0.042662757688837344,-0.004192062920802146,0.032636331525335516,False,0.07120637286504732
GOLD_ASIA,h4_cci_dir,62.49800988667295,0.15012221096690456,0.027230954727546487,-0.011890600170988981,0.0812701293331345,False,0.047778283712793475
GOLD_ASIA,h4_bb_pctb_dir,0.20505732358260859,0.16333578797587697,0.038967609807384826,0.010272475227127882,0.0543356026881195,True,0.06366420375095981
GOLD_ASIA,h4_rsi14_dir,7.730487154829422,0.24377561390148347,0.029883077958228275,-0.037163745376803656,0.004918171155581352,False,0.06579840802173142
GOLD_ASIA,d1_macd_hist_dir,0.07905535639849412,-0.007152576889711236,0.04356295459339246,-0.027495296095642555,0.09785080464671923,False,0.0034114802080378176
GOLD_ASIA,d1_macd_line_dir,0.5144629221561523,-0.017253527252114792,0.031762826063396865,-0.04432623681191254,0.08271280323075493,False,-0.009418919053290745
GOLD_ASIA,d1_supertrend_dir,1.0,,,,,False,
GOLD_ASIA,d1_psar_dir,1.0,,,,,False,
GOLD_ASIA,d1_ichi_cloud_dir,1.0,,,,,False,
GOLD_ASIA,d1_ichi_tk_dir,1.0,,,,,False,
GOLD_ASIA,d1_keltner_pos_dir,0.45328087541277196,0.17818709847821707,0.02880834918491076,-0.023679452996283844,0.1266257296286697,False,0.05205025062574288
GOLD_ASIA,d1_stoch_dir,25.027327351404352,0.2655127676572921,-0.0072275778216787726,0.041888530822827064,0.04107328467163572,False,0.08714616071864362
GOLD_ASIA,d1_cci_dir,82.17273265428943,0.1325096852392145,-0.0015532030997160232,-0.021298075850139028,0.12434754155669388,False,0.028612093135114546
GOLD_ASIA,d1_bb_pctb_dir,0.2512493148331524,0.11468978808565697,0.0557356251051023,-0.031105063217031118,0.12695303722105267,False,0.040481005836861844
GOLD_ASIA,d1_rsi14_dir,8.308136056436357,0.22220569605849783,0.11262425743884226,-0.08571517518737375,0.11538261434527215,False,0.07261978378648323
GOLD_ASIA,dxy_ret5_dir,-0.0017916469132230883,-0.06097981763059498,0.0030183304457983007,-0.07161984118205923,-0.002180084084517725,False,-0.041677349649285336
GOLD_ASIA,dxy_ret20_dir,-0.006819376506575936,0.03157990865161913,0.05597734815008404,-0.028682333723324994,0.013820704262878125,False,0.019045631675314117
GOLD_ASIA,dxy_vs_sma50_dir,-0.006148517639978368,0.03751480416762855,-0.04081643100678609,0.018375129148545506,0.11172515022993716,False,0.003168396206265356
GOLD_ASIA,dxy_vs_sma200_dir,-0.008523773893856945,-0.12813189695400115,0.08884823746457766,-0.05366014029652788,-0.027105496701637338,False,-0.024022161066606797
GOLD_ASIA,wti_ret20_dir,0.006996713236210483,-0.16927402811119568,0.03177957588387381,-0.13972802032925163,-0.008821762059022686,False,-0.08647305816090871
GOLD_ASIA,wti_vs_sma100_dir,-0.0049171034222474375,0.002773771781972738,-0.03996062722703966,-0.05902506989505392,0.006395511999265802,False,-0.03399277342742052
GOLD_ASIA,spx_vs_sma200_dir,-0.007619659089534325,-0.28630561336851906,-0.03860205531310312,0.133748907755867,0.015206568694747402,False,0.0031707388952978144
GOLD_ASIA,spx_ret20_dir,0.0031540246385208803,-0.09934015220403697,0.051677822508468266,0.09806358603661,0.03105333698466678,False,0.0399483035461541
IDX_DIP,d1_macd_hist,-0.18724367736888498,-0.14818006937278846,-0.17776403962432652,0.2191272798838495,0.02934615955156661,False,-0.01802427773434942
IDX_DIP,d1_macd_line,0.3970105882753058,-0.21507031775555474,-0.4270334427591089,0.26627807016187094,0.27393972604209793,False,-0.13083528085516688
IDX_DIP,d1_supertrend,-1.0,-0.14933013456180377,-0.4331185968886026,0.03166657403241624,0.16533091351748389,False,-0.1894942363309746
IDX_DIP,d1_psar,-1.0,-0.22382869315660153,-0.4129623390004018,0.10024415527149427,0.026931782272916982,False,-0.20453714902241013
IDX_DIP,d1_ichi_cloud,1.0,,,,,False,
IDX_DIP,d1_ichi_tk,1.0,,,,,False,
IDX_DIP,d1_keltner_pos,-0.5379358076460816,-0.05314553998387847,-0.5447259345449885,0.14642775971546934,0.09310534624603742,False,-0.15404197968653938
IDX_DIP,d1_stoch,10.232814165037649,-0.2465092298521826,-0.5797982320446394,0.1962187443542004,0.05667687409215211,False,-0.20302000113260046
IDX_DIP,d1_cci,-73.84419606336226,-0.33805236696018204,-0.4325162564641737,0.09917444409970129,0.22851675273546118,False,-0.20178421242568406
IDX_DIP,d1_bb_pctb,0.14860681998585154,-0.22307414020613853,-0.46283787177246866,0.07894696475146003,0.23709515610609103,False,-0.18907281653972016
IDX_DIP,d1_bb_width_rank,0.3739130434782609,-0.040904040452321905,0.17851321970114878,-0.48861419475461454,-0.04235676045663278,False,-0.10974358938589322
IDX_DIP,d1_rsi14,43.941490323456485,-0.2111152489982358,-0.5211193540140464,0.16698869127812171,0.12800002351985107,False,-0.18827037105738467
IDX_DIP,d1_adx,19.893196659333746,-0.10799062808225132,-0.06556357447814784,0.3196129786604949,-0.06097602036436006,False,0.0632043988612501
IDX_DIP,d1_vol_ratio,1.0166393785934584,-0.055226343938521466,0.14784615472510323,0.45480948461974036,-0.16137524009208326,False,0.21163100970487492
IDX_DIP,d1_vol_ratio_bar,1.0,-0.07649341878050839,-0.008941075399023779,-0.015366938663179126,-0.048562982751404526,True,-0.026224782224742782
IDX_DIP,dxy_ret5,0.0014269159217132898,-0.09716458297683628,-0.49526620804939936,0.24174569484236386,0.20814869441652087,False,-0.11165721210541768
IDX_DIP,dxy_ret20,0.004647986525657455,-0.349423160825166,-0.0690934403252638,-0.35770267732067174,0.07328405294809354,True,-0.17306259086568776
IDX_DIP,dxy_vs_sma50,0.0054752512168090295,-0.3371969424655731,-0.04948363812711867,-0.10952367062253561,-0.02527054887032737,True,-0.11296032256554876
IDX_DIP,dxy_vs_sma200,0.012999184031934341,-0.3086640833449108,-0.30000129114736496,-0.40980521211259036,-0.44903446491263205,True,-0.23219779751824488
IDX_DIP,vix,17.82,-0.12493530706712852,0.018622099462814568,-0.2524675942448721,0.04345121457633089,False,-0.1346510365535727
IDX_DIP,vix_vs_sma10,0.12860244769048568,-0.04614471780101992,0.007908663519744147,-0.02801826666287425,-0.11267857306074247,False,-0.012657134465961006
IDX_DIP,vix_ret5,0.14979079497907954,-0.18154569677426885,-0.02341293999685315,-0.25024354871056975,-0.078690965953057,True,-0.14394143354484104
IDX_DIP,vix_rank250,0.648,-0.05802007607965465,0.13879338188474782,-0.3155062132979386,-0.10241434647981029,False,-0.03534334666226738
IDX_DIP,wti_ret20,-0.012180629827688527,0.2656193770182434,-0.3270994496237102,0.14975969395922842,0.11256799685455446,False,-0.06833810006739079
IDX_DIP,wti_vs_sma100,0.01188875477645257,0.3698296963379128,-0.25427538527687,0.014109282250058482,0.29142805291804325,False,-0.04497887403997233
IDX_DIP,spx_vs_sma200,0.047195893778163134,0.39070257593839497,-0.3611833852028443,0.206988692543371,0.30250946092178466,False,-0.07788642834536759
IDX_DIP,spx_ret20,0.0001836790539655464,-0.034824980199414074,-0.4082390503016839,0.3604141776984925,0.16899577970311683,False,-0.06085096258627734
IDX_DIP,spx_rvol20,0.0987891153536057,0.034125658235308554,-0.362041448555984,-0.33599729772536835,-0.24955174073256106,False,-0.21773936339451683
IDX_DIP,d1_macd_hist_dir,-0.18724367736888498,-0.14818006937278846,-0.17776403962432652,0.2191272798838495,0.02934615955156661,False,-0.01802427773434942
IDX_DIP,d1_macd_line_dir,0.3970105882753058,-0.21507031775555474,-0.4270334427591089,0.26627807016187094,0.27393972604209793,False,-0.13083528085516688
IDX_DIP,d1_supertrend_dir,-1.0,-0.14933013456180377,-0.4331185968886026,0.03166657403241624,0.16533091351748389,False,-0.1894942363309746
IDX_DIP,d1_psar_dir,-1.0,-0.22382869315660153,-0.4129623390004018,0.10024415527149427,0.026931782272916982,False,-0.20453714902241013
IDX_DIP,d1_ichi_cloud_dir,1.0,,,,,False,
IDX_DIP,d1_ichi_tk_dir,1.0,,,,,False,
IDX_DIP,d1_keltner_pos_dir,-0.5379358076460816,-0.05314553998387847,-0.5447259345449885,0.14642775971546934,0.09310534624603742,False,-0.15404197968653938
IDX_DIP,d1_stoch_dir,-39.76718583496235,-0.2465092298521826,-0.5797982320446394,0.1962187443542004,0.05667687409215211,False,-0.20302000113260046
IDX_DIP,d1_cci_dir,-73.84419606336226,-0.33805236696018204,-0.4325162564641737,0.09917444409970129,0.22851675273546118,False,-0.20178421242568406
IDX_DIP,d1_bb_pctb_dir,-0.35139318001414843,-0.22307414020613853,-0.46283787177246866,0.07894696475146003,0.23709515610609103,False,-0.18907281653972016
IDX_DIP,d1_rsi14_dir,-6.058509676543515,-0.2111152489982358,-0.5211193540140464,0.16698869127812171,0.12800002351985107,False,-0.18827037105738467
IDX_DIP,dxy_ret5_dir,0.0014269159217132898,-0.09716458297683628,-0.49526620804939936,0.24174569484236386,0.20814869441652087,False,-0.11165721210541768
IDX_DIP,dxy_ret20_dir,0.004647986525657455,-0.349423160825166,-0.0690934403252638,-0.35770267732067174,0.07328405294809354,True,-0.17306259086568776
IDX_DIP,dxy_vs_sma50_dir,0.0054752512168090295,-0.3371969424655731,-0.04948363812711867,-0.10952367062253561,-0.02527054887032737,True,-0.11296032256554876
IDX_DIP,dxy_vs_sma200_dir,0.012999184031934341,-0.3086640833449108,-0.30000129114736496,-0.40980521211259036,-0.44903446491263205,True,-0.23219779751824488
IDX_DIP,wti_ret20_dir,-0.012180629827688527,0.2656193770182434,-0.3270994496237102,0.14975969395922842,0.11256799685455446,False,-0.06833810006739079
IDX_DIP,wti_vs_sma100_dir,0.01188875477645257,0.3698296963379128,-0.25427538527687,0.014109282250058482,0.29142805291804325,False,-0.04497887403997233
IDX_DIP,spx_vs_sma200_dir,0.047195893778163134,0.39070257593839497,-0.3611833852028443,0.206988692543371,0.30250946092178466,False,-0.07788642834536759
IDX_DIP,spx_ret20_dir,0.0001836790539655464,-0.034824980199414074,-0.4082390503016839,0.3604141776984925,0.16899577970311683,False,-0.06085096258627734
