cfg,trades,win,avgR,07-11,12-15,16-19,20-23,24-26,ALL
base,398,0.329,0.455,3.0/6.9,5.5/9.1,6.5/8.5,3.4/13.2,9.5/6.3,5.2/13.2
gld vs SMA50,283,0.346,0.475,0.4/7.8,5.2/5.6,4.0/5.3,3.5/12.2,9.1/3.8,3.9/12.2
gld 20d chg,284,0.352,0.487,1.0/6.0,4.8/7.2,3.8/6.2,4.9/11.1,7.5/5.7,4.0/11.1
gld 60d chg,259,0.34,0.47,0.4/6.0,6.3/4.3,3.4/5.1,1.5/17.0,8.6/3.6,3.5/17.0
base ch60,459,0.305,0.37,2.3/7.7,4.8/8.0,6.3/9.6,4.1/13.9,8.2/7.4,4.9/13.9
gld50 ch60,318,0.33,0.429,0.0/8.6,4.6/5.7,3.3/7.5,5.3/9.9,9.4/4.4,3.9/10.7
base sl1.25,332,0.319,0.489,3.4/7.6,3.7/10.3,2.3/6.6,5.4/11.0,11.0/5.0,4.7/11.0
gld50 sl1.25,229,0.354,0.553,2.5/5.1,4.7/7.5,0.6/7.8,4.5/8.3,8.0/3.8,3.7/8.3
gld60 ch60,299,0.318,0.393,0.0/6.8,5.7/4.6,2.2/7.6,3.2/15.8,8.3/4.3,3.4/15.8
