feature,split,07-11,12-15,16-19,20-23,24-26,consistent_dev,holdout_same_sign
of_h4_delta_dir,0.0837360532478647,-0.11238544302007308,-0.02662032182242391,1.2796199276020157,0.9083898203895535,-0.4081765245996031,False,False
of_cvd_div,0.5,-0.7241764580939589,-1.3283644486781971,-0.31373892721202834,0.12035873753158158,-0.46132241968603005,False,False
of_cvd20_dir,0.022486122333119633,0.03278275357578059,-0.49474932580806663,-0.06071155919426452,-0.0023006890038802796,-0.20761875134010133,True,True
of_day_cvd_dir,0.03610690490766483,-0.11634666487606504,-0.9185685043190046,0.027667493650487818,0.785320010353151,-0.699945995503205,False,False
of_vs_vwap_day,0.35135938241082587,0.5322265917415953,1.4377624779402178,-1.0617656962115503,0.4674950525898403,-0.0027873522113364135,False,False
of_vs_vwap_week,0.8404253326191884,0.8975453791831679,0.7789849195948174,-0.903074801975574,0.6912120657770863,0.05105834821420141,False,False
of_vs_poc,0.8731124441464223,0.2840936906748028,0.7618457105386697,-0.058986107296550905,1.1636385210753863,-1.607245864175083,False,False
of_outside_va,0.5,0.33433063166872523,1.1557949655883117,-1.3802340742154444,0.6657946776111546,0.4712101100825653,False,False
of_prev_day_delta_dir,0.02575510776189675,-0.30332846572958694,-0.9823646246441222,0.009684458926020045,-0.03865557628056815,1.8839193860458705,False,False
of_prev_close_vs_vwap,0.23297259334699807,-0.16295520102519162,-0.12438258487078813,0.20966617469166293,-0.39332818481926696,-0.588190840269474,False,False
of_rvol_m5,1.215809847097357,-0.3966900010206083,0.279543252307354,0.8548318147646359,-0.15499363912950836,-1.0049224926692626,False,False
of_h4_rvol,1.256251705693085,-0.4718028158900936,0.43383033136025917,-0.7550799970711437,-0.35882354629621227,0.35848413336762297,False,False
of_h4_vol_ratio,1.4551803761934663,-0.15808461269243268,2.1906660513598313,-0.2952576700294339,0.2560347395302056,0.6778455158076402,False,False
of_h4_climax,0.5,-0.10222024830050877,1.793418502634774,-0.9860828885486921,0.5441982867008466,-1.1514813652975167,False,False
of_day_vol_ratio,1.0245174695072132,-0.8866733843571545,-0.18869354121375137,-1.3825325111515943,-0.9945897523234162,0.5097616635712543,True,False
