strategy,n/yr,win,avgR,07-11,12-15,16-19,20-23,24-26,min_dev
VWAP fade k=0.8 sl=0.5 hold=24,22.413793103448274,0.3934065934065934,-0.17759049296375853,-0.06976874246412086,-0.27332642849916383,-0.1061151174047116,-0.28584499605839236,-0.21356392577637373,-0.28584499605839236
VWAP fade k=0.8 sl=0.5 hold=72,22.413793103448274,0.3824175824175824,-0.2335240369137044,-0.14821553184243658,-0.27828980349541493,-0.16349059769314492,-0.3709195561974677,-0.25859321093394866,-0.3709195561974677
VWAP fade k=0.8 sl=1.0 hold=24,22.413793103448274,0.4,-0.09574498753316309,-0.041914291664694375,-0.1762919527610805,-0.03950579604711193,-0.1435558468889167,-0.10710439445550045,-0.1762919527610805
VWAP fade k=0.8 sl=1.0 hold=72,22.413793103448274,0.41098901098901097,-0.11559836239261724,-0.056844050209474764,-0.2028213160800828,-0.05803216918198203,-0.17287751475652033,-0.10944519984390753,-0.2028213160800828
VWAP fade k=1.2 sl=0.5 hold=24,5.172413793103448,0.42857142857142855,-0.17143114008901647,-0.2564401794251909,-0.47959782170022486,-0.16420792757037073,0.056823114074582064,-0.11626729184587112,-0.47959782170022486
VWAP fade k=1.2 sl=0.5 hold=72,5.172413793103448,0.37142857142857144,-0.2813383925874236,-0.4059168321436974,-0.49582612996739095,-0.3470026129550641,-0.006224284973361908,-0.19745379855555284,-0.49582612996739095
VWAP fade k=1.2 sl=1.0 hold=24,5.172413793103448,0.45714285714285713,-0.09498823510567504,-0.12893529093547318,-0.2827354558576187,-0.12632480729894088,0.011474039851457955,0.012176069907436212,-0.2827354558576187
VWAP fade k=1.2 sl=1.0 hold=72,5.172413793103448,0.4095238095238095,-0.1854361971928604,-0.16938889102770913,-0.37853999484339157,-0.2917345555934708,-0.07916450145203213,-0.06577340463218258,-0.37853999484339157
80% rule sl=0.5,43.59605911330049,0.5909604519774011,-0.05787884052492445,-0.0624085686170976,-0.17103947289709379,-0.08193523829258707,-0.0075177317034031965,0.07052981287093327,-0.17103947289709379
80% rule sl=1.0,42.70935960591133,0.6389850057670127,-0.044183660620038465,-0.0596803902188052,-0.10702570082077423,-0.03836414361211297,0.0015186489661190997,0.009118709533137072,-0.10702570082077423
POC rejection sl=0.3 tp=0.6,92.70935960591133,0.3565356004250797,-0.05036930111296015,-0.08336422980401921,-0.05602114693099324,-0.13345791505246857,-0.01267037495714929,0.06642145272841325,-0.13345791505246857
POC rejection sl=0.5 tp=1.0,83.15270935960591,0.4324644549763033,-0.018118162007862985,0.03025256609467555,-0.07945900001608718,-0.06367122864732772,-0.03166885071453135,0.071492300110609,-0.07945900001608718
Climax reversal sl=0.3 tp=0.6,168.66995073891624,0.3878504672897196,-0.1213445699165898,-0.05309605158432272,-0.16380970095899927,-0.1257617457642243,-0.1370579146162503,-0.0780943997319349,-0.16380970095899927
Climax reversal sl=0.5 tp=1.0,143.34975369458127,0.44261168384879723,-0.08750206658624002,-0.04580192083004679,-0.12219242974486105,-0.09837623192098667,-0.09135605661579475,-0.0585045824427637,-0.12219242974486105
ORB 7h rvol>0.0 tp=1.0xOR,245.615763546798,0.44965904532691536,-0.16414507563013706,-0.21491855460232334,-0.15601612011974417,-0.22879638800813915,-0.11237176189870945,-0.023903883651182907,-0.22879638800813915
ORB 7h rvol>0.0 tp=2.0xOR,243.25123152709358,0.3045767517213447,-0.16140071435171072,-0.21123741594783263,-0.11426973904470046,-0.22740151876745018,-0.14688719131651096,-0.042546300591287646,-0.22740151876745018
ORB 7h rvol>1.5 tp=1.0xOR,154.0886699507389,0.44021739130434784,-0.1825905259827741,-0.206302991599122,-0.1960156118707109,-0.2276926973189539,-0.154411391010077,-0.05454217752913025,-0.2276926973189539
ORB 7h rvol>1.5 tp=2.0xOR,153.20197044334975,0.30643086816720255,-0.15670679142987834,-0.1947199561142505,-0.14522398223796823,-0.20994502224478032,-0.12634773565046017,-0.02048984722713997,-0.20994502224478032
ORB 13.5h rvol>0.0 tp=1.0xOR,231.5270935960591,0.454468085106383,-0.12852099100933131,-0.19541310416276433,-0.12824816851183685,-0.14985639801853842,-0.0766703940554257,-0.030330000771191943,-0.14985639801853842
ORB 13.5h rvol>0.0 tp=2.0xOR,218.37438423645318,0.3309271373787503,-0.11028069085047122,-0.21669666489624848,-0.13486462126907292,-0.12968100582312106,-0.029160375247448186,0.03563023791502205,-0.13486462126907292
ORB 13.5h rvol>1.5 tp=1.0xOR,126.79802955665023,0.4689199689199689,-0.09314510585462576,-0.135525528758089,-0.12080540264770108,-0.12594678700652143,-0.0544205467912822,0.012887202195200767,-0.12594678700652143
ORB 13.5h rvol>1.5 tp=2.0xOR,123.4975369458128,0.33426406063023534,-0.09098947120464435,-0.1748546478946995,-0.03736223587364964,-0.16614455789225727,-0.052842971199340394,-0.009777673162111786,-0.16614455789225727
