feature,split,07-11,12-15,16-19,20-23,24-26,consistent_dev,holdout_agrees
mm_net_dir,0.03415064106517182,0.10834414287075872,-0.0972392647266343,-0.028649674292651757,-0.08114855489692063,0.035077966086850584,True,False
mm_net_chg4_dir,0.024610251307630115,-0.00114573834152314,-0.10550092555182493,0.06880160235866119,-0.14709589818311297,-0.22185498930533482,False,False
pm_net_dir,-0.020832512813400497,-0.10834414287075872,0.058899662195195254,0.011540625192877497,0.011415296406745809,-0.035077966086850584,True,False
oi_chg4_dir,0.017690496543016576,-0.013045180317139199,-0.02632695459411643,-0.0842202614496223,0.1510770928025839,0.16305689371252896,False,False
gld_chg5_dir,0.004755295663380954,-0.013469025855329917,0.0506833240301373,0.12464967082083439,-0.012510557685494812,-0.04033318388544589,False,False
gld_chg20_dir,0.015457461655672633,-0.02371677255540168,-0.057508328286887705,0.028947720217124474,0.07926180257200621,0.04653714259857111,False,False
gld_vs_sma50_dir,0.013897647003078384,0.028626562406276663,0.02676069110500598,0.005033185627238611,0.0846361708946661,0.10549610046149921,True,True
gld_chg60_dir,0.016818506376212794,0.07599688930568993,0.0026937450173056474,0.028861977800942788,0.01709323589212179,0.03205210616646084,True,True
mm_rank156_dir,0.13461538461538464,0.06795896141468735,-0.06608842874117192,-0.18876094622547893,0.024721550332908772,0.11009974060890369,False,False
mm_rank52_dir,0.1923076923076923,0.0955741944247754,-0.04851429838257961,-0.1221719457445134,-0.09226962811322255,0.06976076565538923,True,False
pm_rank156_dir,-0.05128205128205132,-0.03815779167210894,-0.005326355033875636,0.010607296458243709,0.06217786006105858,-0.0762490940729239,False,False
nc_rank156_dir,0.14102564102564108,0.05002603970832739,-0.08828196363103731,-0.12576238758491615,0.06512290227111948,0.051520652125886565,False,False
