gold,asia,idx,FULL 2_cagr,FULL 2_dd,2020-2_cagr,2020-2_dd,2024-2_cagr,2024-2_dd,2025_cagr,2025_dd,2026 Y_cagr,2026 Y_dd
0.3,0.15,0.5,0.03939747479537914,0.07968014605866318,0.02591640677200613,0.07968014605866394,0.08202889379089129,0.02878397275174043,0.10026741465235944,0.026468509023830255,0.11857919278452678,0.019069284789823407
0.3,0.15,0.75,0.043337754654545924,0.08934740163974755,0.028430913059662055,0.08934740163974353,0.0919960589250235,0.03150183937618423,0.1024014369981201,0.031501839376185024,0.15414488610786536,0.025827060429427045
0.3,0.15,1.0,0.04678585851072836,0.09937516365677039,0.030945306663358485,0.09937516365677365,0.10185568334445816,0.036403232696408855,0.10416325613675514,0.036403232696409195,0.1905899643189377,0.03305599356573433
0.3,0.15,1.5,0.05179975138303239,0.12039901352660198,0.03457041921371995,0.1203990135266033,0.12091281088758055,0.046692256370358856,0.10674019798547474,0.045758037681341915,0.26455432989321426,0.04669225637035742
0.3,0.3,0.5,0.042596338036920534,0.0781774611464467,0.02924021403739485,0.07817746114644643,0.09755229171000024,0.026653187497354635,0.11683136275802841,0.026489838355087936,0.13866778912722566,0.02355158472802129
0.3,0.3,0.75,0.04651450102997856,0.08844104530627271,0.03153249446765316,0.08844104530627053,0.10766384839205112,0.03152272337194856,0.11899797938329426,0.031522723371949925,0.17487702678802597,0.026752452805123797
0.3,0.3,1.0,0.05030233209446777,0.0973802706931047,0.03446860776729643,0.09738027069310798,0.11768010849815913,0.036432587555198175,0.1208247802074569,0.03643258755519994,0.21198174596437047,0.03397379537414829
0.3,0.3,1.5,0.05497412655459444,0.11797725584566776,0.03825387315024065,0.11797725584567058,0.1368250461652587,0.047500987451791585,0.12304354023092934,0.045785086357090145,0.2871081113265266,0.04750098745179232
0.3,0.45,0.5,0.045185779144520044,0.08210824736920683,0.03186566692435111,0.08210824736921109,0.11320201670964125,0.031186270053494603,0.13351515167493733,0.031186270053493392,0.1590388615669447,0.028016804180180127
0.3,0.45,0.75,0.04916829826682845,0.08796679541937653,0.034165708051342,0.08796679541937782,0.12339195932431157,0.033973528140949755,0.13552758801481124,0.03397352814095159,0.1959008014774204,0.028269100910954224
0.3,0.45,1.0,0.05307136148104985,0.09566497892490362,0.0377750190112176,0.09566497892490101,0.13347695009884886,0.037466962549250325,0.1371749170026162,0.037466962549252365,0.23367455274542648,0.03489202708167496
0.3,0.45,1.5,0.058155866765383424,0.1157346764896551,0.041255311171932485,0.11573467648965609,0.15272369397152818,0.04831377821988747,0.1391292348748414,0.0467059204519012,0.3098948332312319,0.04831377821988755
0.3,0.6,0.5,0.046984914124439836,0.08697395858239915,0.03380506724155641,0.08697395858240205,0.12869857349568115,0.03652250969188755,0.14981454602048538,0.03652250969188651,0.17961372997277425,0.03246470952936451
0.3,0.6,0.75,0.0511162185965488,0.09055961369359063,0.0367192478943581,0.09055961369358967,0.13893883735200907,0.03886634401975276,0.15173692500016633,0.03886634401975248,0.217095833535363,0.03271259316991318
0.3,0.6,1.0,0.054997745350582994,0.09434072401286799,0.04016671552799389,0.09434072401287127,0.1490576823165346,0.04148125653699297,0.15327949796607854,0.04148125653699258,0.2554880991843853,0.035810686289522914
0.3,0.6,1.5,0.059895863079550526,0.11348658312548854,0.043379604700194196,0.11348658312548882,0.16802952486345069,0.049133773900590844,0.154395204846832,0.0479197468304378,0.3326101654477678,0.049133773900591066
0.45,0.15,0.5,0.04924250749195136,0.09641005569399569,0.03512448969641868,0.0964100556939919,0.10424540302012386,0.046277165718332874,0.14209308061769121,0.0344260761352856,0.13563326923861752,0.026017297511864358
0.45,0.15,0.75,0.053195507647991525,0.10306650098869904,0.0378077195761104,0.10306650098869766,0.1141246660301809,0.046277165718332874,0.14385168503622947,0.039199218261936584,0.17176611662193664,0.027287198947871176
0.45,0.15,1.0,0.05677353284092845,0.11082826035496769,0.04011245670723662,0.11082826035496977,0.12374714494775318,0.049790687641978824,0.14549047625999112,0.04379399111950157,0.208793268345437,0.034504568478417666
0.45,0.15,1.5,0.06153302103461944,0.13086503803787689,0.04343204902885289,0.13086503803787866,0.1422898059718185,0.05795901546868424,0.1455820998007602,0.05256545878086272,0.2834443592215443,0.04805536513974896
0.45,0.3,0.5,0.052612997914163184,0.09474091488345933,0.03845526278245481,0.09474091488345943,0.121114558573294,0.040732477553361096,0.15931279058576786,0.03446610728292333,0.15597949843545234,0.030470224868658483
0.45,0.3,0.75,0.05645352890086541,0.10135022439737135,0.04070916908554523,0.10135022439736883,0.13111301907003647,0.040732477553361096,0.16062438558436143,0.03923247917791094,0.1927455932077562,0.03072194794527833
0.45,0.3,1.0,0.0601690915514026,0.10787347474236926,0.043201147796964046,0.10787347474237055,0.141127903081268,0.043806835008875784,0.1619225989555544,0.04380683500887627,0.23041214541806765,0.03542099533164572
0.45,0.3,1.5,0.06427350994314307,0.1285916452741121,0.04683288888224557,0.12859164527410946,0.1596071614922916,0.052532591013761676,0.16167800116536113,0.05253259101376345,0.3060767126821864,0.04885022249920811
0.45,0.45,0.5,0.05517626806313136,0.09469159990636516,0.04078827030520027,0.09469159990636498,0.1373956172827686,0.03982636337581447,0.17587623202377056,0.03803894426292385,0.1764863198276334,0.03483581868428826
0.45,0.45,0.75,0.05912599476058622,0.09969854723340636,0.042893452894792405,0.09969854723340628,0.14753171493847717,0.03982636337581447,0.1771718834587681,0.03925037556788352,0.2139230958177223,0.03507423559641516
0.45,0.45,1.0,0.06300433020569352,0.10594106213682464,0.046258511230782506,0.10594106213681917,0.1575280631653324,0.043852505347762506,0.17804886849183799,0.04385250534776278,0.25223057783236036,0.03631093460530358
0.45,0.45,1.5,0.06722281448820167,0.12632557695412802,0.049056064836873414,0.12632557695412913,0.17633739659152625,0.052529848034470965,0.1782261832350942,0.052529848034471055,0.3288617943394645,0.0496557918940374
0.45,0.6,0.5,0.057237456236074014,0.09851553112186161,0.042220643258443324,0.09851553112186022,0.15296212082698557,0.04306541019963486,0.19198197725484545,0.04306541019963396,0.19706818699322803,0.03902578589620035
0.45,0.6,0.75,0.06163298167369269,0.09985542979367343,0.045127360961094265,0.09985542979367057,0.16327572501054965,0.043616902416658304,0.19342521369092824,0.043616902416658145,0.23515033056251866,0.039252300800053735
0.45,0.6,1.0,0.06543534370732429,0.10428708433299615,0.048574389065668466,0.10428708433299784,0.17318406992941493,0.04609539778534478,0.19386471237869762,0.04609539778534559,0.27411469811392153,0.039478818560327485
0.45,0.6,1.5,0.06980813451774814,0.12432715036047,0.0511535366807625,0.12432715036046835,0.19213115446669882,0.05324472912250908,0.19431819213503854,0.05324472912250801,0.3517773716743344,0.05046318664293181
0.6,0.15,0.5,0.05635339335564371,0.1120315698029483,0.04164588443251249,0.11203156980294973,0.11968824293860592,0.0640102758443054,0.18339393325090736,0.0420084711724615,0.1526213842388704,0.03290032513736418
0.6,0.15,0.75,0.06108455658436163,0.11732342444252251,0.0458967636988179,0.1173234244425184,0.129500845499545,0.06740512093194173,0.18448564055232453,0.04647394226298026,0.18928512820031895,0.03314497886758917
0.6,0.15,1.0,0.06453701952643343,0.12323341090667274,0.047886111891206395,0.12323341090667252,0.13890541358580943,0.07073420553374295,0.18342452984750568,0.05077149598649989,0.22683278604330215,0.035947747366541355
0.6,0.15,1.5,0.06900073927532224,0.14205215205636298,0.05031585101825775,0.1420521520563613,0.15607289300125604,0.07717641975048353,0.1831205451279867,0.05888036085271361,0.3017521886276251,0.04946430493135953
0.6,0.3,0.5,0.059388010423853554,0.11038948499271982,0.044034410249509826,0.11038948499272164,0.13857778095493045,0.05772532465018614,0.20022838782074737,0.04206436420365683,0.17309897616434133,0.03714023188481193
0.6,0.3,0.75,0.06438411833622659,0.11462382768719422,0.04826705338113535,0.11462382768719667,0.14785103326875237,0.05772532465018614,0.20156342919430292,0.046518030931195845,0.21043722773398454,0.03737274565897766
0.6,0.3,1.0,0.06763816168946213,0.12043473880715101,0.049965446189586205,0.1204347388071527,0.15756155389158977,0.05895914805311801,0.20187062249665688,0.05080483851134594,0.2486466441553783,0.03760526089730701
0.6,0.3,1.5,0.07206689499392693,0.13911769600315657,0.05332744156920466,0.13911769600315876,0.17521137232929895,0.06680939910994156,0.1998468240280995,0.058895110232121926,0.32461231566644444,0.05024163245788127
0.6,0.45,0.5,0.06240739301682785,0.10940915659522486,0.04561198105422726,0.10940915659522314,0.15616455374603722,0.05507849183692796,0.2166787531788581,0.044391249617416036,0.19371314392434424,0.04121687775880279
0.6,0.45,0.75,0.06749099413297488,0.11241426078289388,0.04969077195417215,0.1124142607829007,0.1664749228454394,0.05507849183692796,0.21803681050273127,0.046602493446982085,0.23170175782252445,0.04143783784154901
0.6,0.45,1.0,0.07109769441545599,0.11766803995676875,0.051890837090674546,0.11766803995676846,0.17655535115696108,0.05507849183692796,0.21872624319230605,0.050876753334393614,0.27055235109780407,0.04165879993457071
0.6,0.45,1.5,0.0750091922467202,0.13712684055614952,0.05537861346333517,0.13712684055614544,0.19457083259553287,0.058945028693095265,0.2163446194753058,0.05894502869309358,0.34751896398675597,0.05102456464047529
0.6,0.6,0.5,0.06462122617671251,0.11129202562119483,0.0480341101267896,0.11129202562119406,0.17157979674035695,0.05370488671334497,0.23295876634959067,0.04909569986284521,0.21447274795661708,0.04513941092877785
0.6,0.6,0.75,0.06945187699189459,0.11046522826100502,0.05071597557769536,0.11046522826100372,0.18188898079291183,0.05370488671334497,0.23388711200522483,0.049095699862846585,0.2531318260861013,0.04534936463146468
0.6,0.6,1.0,0.07332469770053462,0.11515814798961814,0.05399595134621271,0.11515814798962336,0.19211953741938026,0.05370488671334497,0.23476642068841258,0.05098713056781019,0.292575198282115,0.04555932078656148
0.6,0.6,1.5,0.07787592297096246,0.13517189908520563,0.057406310073906175,0.13517189908520555,0.21033910314860504,0.059030019443605586,0.23294703378440862,0.059030019443605926,0.370642514982922,0.05174616736514129
0.75,0.15,0.5,0.06308515495336264,0.13163716150402402,0.05060817308554144,0.13163716150401913,0.13615707975662517,0.0787225481226152,0.22348363555953665,0.04894472505769089,0.1684732452403499,0.039536098531126905
0.75,0.15,0.75,0.06761126775175286,0.13137994817290735,0.050939210169089755,0.13137994817291193,0.14569808992797495,0.0813228248233609,0.2219716272144554,0.053191071142315756,0.20602534326332722,0.039762458153273804
0.75,0.15,1.0,0.07119877309874645,0.1371542501964172,0.05306931818213867,0.13715425019641972,0.1557834892476151,0.08395343409071046,0.22063551474882548,0.0573524850079443,0.24410897055718306,0.040123451743940816
0.75,0.15,1.5,0.07622448327830877,0.15436366932356643,0.054493776919210646,0.1543636693235678,0.1740437145377629,0.08933810334449525,0.2179711570101679,0.06531796247095135,0.3194820169641881,0.05088097397835709
0.75,0.3,0.5,0.06614820024848789,0.13053873965087934,0.05419894627455113,0.13053873965088023,0.15137478239688185,0.07233207906432224,0.2409022847399307,0.04903562281595897,0.18962272367995747,0.043480400650924636
0.75,0.3,0.75,0.07026641194945182,0.12852302399773657,0.052193747837731896,0.12852302399772908,0.16144118611111913,0.07526898613697265,0.24114727543815695,0.05327699795862331,0.2275434451403091,0.043695607914599914
0.75,0.3,1.0,0.07386570257084224,0.13444759072288479,0.05429893352429249,0.13444759072287718,0.1712730992800866,0.0781500951753564,0.23821802855661933,0.057433716261038596,0.2662677963246334,0.043910816432171644
0.75,0.3,1.5,0.07903191762445294,0.15152866099735002,0.05725496068649094,0.1515286609973446,0.18892519542538655,0.08380320152885927,0.23559390704814964,0.06534921909373409,0.34268796960056114,0.05156190202024901
0.75,0.45,0.5,0.06858902282271351,0.1306895064998431,0.05642785025949215,0.13068950649984604,0.16770273803200486,0.06915807008555645,0.2574519391247616,0.05058024455211894,0.21049032484447405,0.04727169199897512
0.75,0.45,0.75,0.0725982358113273,0.1293030679127423,0.054502894267851376,0.1293030679127428,0.17783053987564168,0.06915807008555645,0.2579853358412598,0.053402379241681265,0.2491608177744149,0.04747628316490225
0.75,0.45,1.0,0.07617429528846453,0.1318383530896366,0.05451904257312146,0.13183835308963793,0.1872601202977615,0.07070093491794793,0.2567240460861182,0.05755194557760879,0.288562594801717,0.04768087605346167
0.75,0.45,1.5,0.08148678983302138,0.14870478133761644,0.05863412627359876,0.14870478133761988,0.20488095699199715,0.07714857621770885,0.2519155488373739,0.06541683656168495,0.3660954190034962,0.05224481066907306
0.75,0.6,0.5,0.07026264170950802,0.1318035899518359,0.05873189084206554,0.13180358995183986,0.18640802986360172,0.06738899600299937,0.27286715015088236,0.05501124903926635,0.23139008265091188,0.05090118780639272
0.75,0.6,0.75,0.07429934811063665,0.1296146188262429,0.05632066977682926,0.12961461882624628,0.19677919796257504,0.06738899600299937,0.27345629687750805,0.05501124903926323,0.2708212748809917,0.051095709959139445
0.75,0.6,1.0,0.07792789342568485,0.12922926616527414,0.0558549207751553,0.12922926616527838,0.2065683326357579,0.06738899600299937,0.2727813013889495,0.05770703409064307,0.3108463505193264,0.05129023421574962
0.75,0.6,1.5,0.08361521231853697,0.14588164753567326,0.060286322480477716,0.145881647535674,0.22349519115162564,0.06738899600299937,0.26685518111180184,0.06552070594648096,0.3897443653429833,0.052926115258444886
0.9,0.15,0.5,0.07030412176721645,0.15483956180567085,0.05961278969450956,0.1548395618056779,0.15233586195226145,0.09088960935635064,0.2573991548547927,0.05563349401505789,0.18439506487166368,0.05053050511061018
0.9,0.15,0.75,0.0736570019537599,0.15429798449047535,0.05834801685278124,0.15429798449047327,0.16272983045058198,0.09323372219482641,0.25505048095100435,0.05949405163095955,0.22086926969518483,0.04712656143957084
0.9,0.15,1.0,0.07678843317938422,0.15237068187592562,0.05687686292186367,0.15237068187592698,0.17369033419206326,0.09557620813068247,0.254853663954276,0.06327906918492586,0.25921001995873905,0.04731585961535494
0.9,0.15,1.5,0.08196610839788665,0.16661112415372828,0.056659872609718276,0.16661112415373155,0.19386815726773032,0.10025625070456821,0.2506405138030181,0.07060088823090843,0.33655866209178864,0.052058351836508726
0.9,0.3,0.5,0.07245943255922294,0.15506417254093718,0.06265801003130478,0.15506417254093477,0.16614367525291773,0.08630185733760343,0.2766093754505299,0.05541023592978989,0.20491889161568233,0.049453029606462404
0.9,0.3,0.75,0.07578019271055192,0.15525123652694087,0.060426103718707935,0.15525123652694323,0.17652011635257336,0.08874998130897216,0.2735172131837138,0.059287844845613565,0.24274810354141918,0.04965212554233216
0.9,0.3,1.0,0.07883006252269853,0.15394134124937817,0.05852960939235485,0.15394134124938363,0.18652129191964306,0.0912454360057707,0.2719953454771782,0.06308908288873723,0.28199905168214867,0.04985122255104668
0.9,0.3,1.5,0.084155480730977,0.16373748950580294,0.058826195772558654,0.1637374895058025,0.206281475302043,0.09637761982648353,0.26872456935492495,0.07044086300711888,0.36053989803770126,0.05272476976337565
0.9,0.45,0.5,0.07419608015471568,0.1547607795727327,0.06518967851039537,0.15476077957273104,0.17910014898316073,0.08139346044780171,0.293727431392212,0.056658921339705945,0.22561898840551797,0.052986041089405016
0.9,0.45,0.75,0.0774857789500909,0.15540960140589732,0.06288124645480897,0.15540960140589782,0.1893375775615569,0.08393595203767526,0.2932599008102752,0.059437592695904984,0.2642808994349448,0.05317535829497067
0.9,0.45,1.0,0.08019352691693316,0.15619353733274138,0.059902832427861874,0.156193537332738,0.19999044435258306,0.08650749710663136,0.28850220183008046,0.0632303035789686,0.30459923423070134,0.053364676974894845
0.9,0.45,1.5,0.08606253952244214,0.16223295172803906,0.06032827196993229,0.16223295172803842,0.21934351034809785,0.09180997483839151,0.2852859981257967,0.07056604711901006,0.38450417938419235,0.05374331875781134
0.9,0.6,0.5,0.0745036661206806,0.1540783819115598,0.06746726002646453,0.15407838191156947,0.191989808325707,0.0793892797579988,0.308159130096632,0.06081118673407824,0.2463035655763124,0.056378826992181795
0.9,0.6,0.75,0.07761300447178665,0.15544571653359635,0.06441857454107103,0.15544571653359704,0.20195894759031652,0.0793892797579988,0.30834431543789087,0.060811186734080286,0.28578346919475295,0.05655883744007185
0.9,0.6,1.0,0.08052990697143692,0.15654196117751504,0.062282337776182084,0.15654196117751193,0.21204351366783492,0.08168726725696455,0.30560185717695365,0.06343664287609221,0.32687517041973546,0.056738849688576024
0.9,0.6,1.5,0.08706164868826471,0.1631263332311443,0.0632134496357617,0.16312633323114797,0.2312202181551577,0.08720036597265308,0.29925465225339876,0.07074839566013714,0.4084944918050346,0.05709887958743742
